Date / Time Sonde,Sonde_depth (m),Date/Time NOAA,NOAA Water Level Charleston Harbor (m)
7/13/2016 12:00,0.73,7/13/2016 12:00,0.899
7/13/2016 12:06,0.73,7/13/2016 12:06,0.929
7/13/2016 12:12,0.73,7/13/2016 12:12,0.959
7/13/2016 12:18,0.73,7/13/2016 12:18,0.988
7/13/2016 12:24,0.73,7/13/2016 12:24,1.016
7/13/2016 12:30,0.73,7/13/2016 12:30,1.048
7/13/2016 12:36,0.72,7/13/2016 12:36,1.084
7/13/2016 12:42,0.72,7/13/2016 12:42,1.117
7/13/2016 12:48,0.73,7/13/2016 12:48,1.151
7/13/2016 12:54,0.72,7/13/2016 12:54,1.189
7/13/2016 13:00,0.73,7/13/2016 13:00,1.221
7/13/2016 13:06,0.72,7/13/2016 13:06,1.251
7/13/2016 13:12,0.72,7/13/2016 13:12,1.28
7/13/2016 13:18,0.72,7/13/2016 13:18,1.308
7/13/2016 13:24,0.72,7/13/2016 13:24,1.336
7/13/2016 13:30,0.75,7/13/2016 13:30,1.361
7/13/2016 13:36,0.77,7/13/2016 13:36,1.386
7/13/2016 13:42,0.79,7/13/2016 13:42,1.411
7/13/2016 13:48,0.81,7/13/2016 13:48,1.443
7/13/2016 13:54,0.83,7/13/2016 13:54,1.471
7/13/2016 14:00,0.86,7/13/2016 14:00,1.49
7/13/2016 14:06,0.89,7/13/2016 14:06,1.503
7/13/2016 14:12,0.91,7/13/2016 14:12,1.519
7/13/2016 14:18,0.94,7/13/2016 14:18,1.536
7/13/2016 14:24,0.96,7/13/2016 14:24,1.554
7/13/2016 14:30,0.99,7/13/2016 14:30,1.571
7/13/2016 14:36,1.01,7/13/2016 14:36,1.586
7/13/2016 14:42,1.02,7/13/2016 14:42,1.597
7/13/2016 14:48,1.04,7/13/2016 14:48,1.61
7/13/2016 14:54,1.06,7/13/2016 14:54,1.621
7/13/2016 15:00,1.08,7/13/2016 15:00,1.636
7/13/2016 15:06,1.1,7/13/2016 15:06,1.656
7/13/2016 15:12,1.11,7/13/2016 15:12,1.673
7/13/2016 15:18,1.13,7/13/2016 15:18,1.692
7/13/2016 15:24,1.15,7/13/2016 15:24,1.702
7/13/2016 15:30,1.16,7/13/2016 15:30,1.71
7/13/2016 15:36,1.18,7/13/2016 15:36,1.717
7/13/2016 15:42,1.19,7/13/2016 15:42,1.72
7/13/2016 15:48,1.2,7/13/2016 15:48,1.724
7/13/2016 15:54,1.21,7/13/2016 15:54,1.722
7/13/2016 16:00,1.22,7/13/2016 16:00,1.716
7/13/2016 16:06,1.22,7/13/2016 16:06,1.718
7/13/2016 16:12,1.22,7/13/2016 16:12,1.719
7/13/2016 16:18,1.22,7/13/2016 16:18,1.719
7/13/2016 16:24,1.22,7/13/2016 16:24,1.713
7/13/2016 16:30,1.22,7/13/2016 16:30,1.704
7/13/2016 16:36,1.22,7/13/2016 16:36,1.7
7/13/2016 16:42,1.21,7/13/2016 16:42,1.697
7/13/2016 16:48,1.2,7/13/2016 16:48,1.676
7/13/2016 16:54,1.19,7/13/2016 16:54,1.663
7/13/2016 17:00,1.17,7/13/2016 17:00,1.647
7/13/2016 17:06,1.15,7/13/2016 17:06,1.63
7/13/2016 17:12,1.13,7/13/2016 17:12,1.609
7/13/2016 17:18,1.12,7/13/2016 17:18,1.583
7/13/2016 17:24,1.1,7/13/2016 17:24,1.559
7/13/2016 17:30,1.08,7/13/2016 17:30,1.538
7/13/2016 17:36,1.06,7/13/2016 17:36,1.513
7/13/2016 17:42,1.04,7/13/2016 17:42,1.494
7/13/2016 17:48,1.02,7/13/2016 17:48,1.472
7/13/2016 17:54,0.99,7/13/2016 17:54,1.451
7/13/2016 18:00,0.97,7/13/2016 18:00,1.426
7/13/2016 18:06,0.95,7/13/2016 18:06,1.4
7/13/2016 18:12,0.92,7/13/2016 18:12,1.375
7/13/2016 18:18,0.91,7/13/2016 18:18,1.345
7/13/2016 18:24,0.89,7/13/2016 18:24,1.312
7/13/2016 18:30,0.86,7/13/2016 18:30,1.287
7/13/2016 18:36,0.84,7/13/2016 18:36,1.259
7/13/2016 18:42,0.82,7/13/2016 18:42,1.233
7/13/2016 18:48,0.8,7/13/2016 18:48,1.204
7/13/2016 18:54,0.78,7/13/2016 18:54,1.169
7/13/2016 19:00,0.76,7/13/2016 19:00,1.135
7/13/2016 19:06,0.74,7/13/2016 19:06,1.1
7/13/2016 19:12,0.72,7/13/2016 19:12,1.071
7/13/2016 19:18,0.72,7/13/2016 19:18,1.029
7/13/2016 19:24,0.71,7/13/2016 19:24,1.004
7/13/2016 19:30,0.71,7/13/2016 19:30,0.955
7/13/2016 19:36,0.71,7/13/2016 19:36,0.921
7/13/2016 19:42,0.71,7/13/2016 19:42,0.886
7/13/2016 19:48,0.71,7/13/2016 19:48,0.854
7/13/2016 19:54,0.71,7/13/2016 19:54,0.832
7/13/2016 20:00,0.71,7/13/2016 20:00,0.802
7/13/2016 20:06,0.71,7/13/2016 20:06,0.771
7/13/2016 20:12,0.71,7/13/2016 20:12,0.741
7/13/2016 20:18,0.71,7/13/2016 20:18,0.713
7/13/2016 20:24,0.71,7/13/2016 20:24,0.686
7/13/2016 20:30,0.71,7/13/2016 20:30,0.661
7/13/2016 20:36,0.71,7/13/2016 20:36,0.643
7/13/2016 20:42,0.7,7/13/2016 20:42,0.625
7/13/2016 20:48,0.7,7/13/2016 20:48,0.592
7/13/2016 20:54,0.7,7/13/2016 20:54,0.569
7/13/2016 21:00,0.7,7/13/2016 21:00,0.542
7/13/2016 21:06,0.7,7/13/2016 21:06,0.532
7/13/2016 21:12,0.71,7/13/2016 21:12,0.518
7/13/2016 21:18,0.71,7/13/2016 21:18,0.508
7/13/2016 21:24,0.71,7/13/2016 21:24,0.495
7/13/2016 21:30,0.71,7/13/2016 21:30,0.484
7/13/2016 21:36,0.71,7/13/2016 21:36,0.469
7/13/2016 21:42,0.71,7/13/2016 21:42,0.463
7/13/2016 21:48,0.71,7/13/2016 21:48,0.448
7/13/2016 21:54,0.71,7/13/2016 21:54,0.444
7/13/2016 22:00,0.71,7/13/2016 22:00,0.447
7/13/2016 22:06,0.71,7/13/2016 22:06,0.448
7/13/2016 22:12,0.71,7/13/2016 22:12,0.451
7/13/2016 22:18,0.72,7/13/2016 22:18,0.447
7/13/2016 22:24,0.72,7/13/2016 22:24,0.45
7/13/2016 22:30,0.72,7/13/2016 22:30,0.458
7/13/2016 22:36,0.71,7/13/2016 22:36,0.473
7/13/2016 22:42,0.72,7/13/2016 22:42,0.49
7/13/2016 22:48,0.72,7/13/2016 22:48,0.504
7/13/2016 22:54,0.72,7/13/2016 22:54,0.52
7/13/2016 23:00,0.72,7/13/2016 23:00,0.535
7/13/2016 23:06,0.72,7/13/2016 23:06,0.551
7/13/2016 23:12,0.72,7/13/2016 23:12,0.57
7/13/2016 23:18,0.72,7/13/2016 23:18,0.585
7/13/2016 23:24,0.71,7/13/2016 23:24,0.599
7/13/2016 23:30,0.71,7/13/2016 23:30,0.609
7/13/2016 23:36,0.71,7/13/2016 23:36,0.632
7/13/2016 23:42,0.71,7/13/2016 23:42,0.656
7/13/2016 23:48,0.71,7/13/2016 23:48,0.681
7/13/2016 23:54,0.71,7/13/2016 23:54,0.707
7/14/2016,0.71,7/14/2016 0:00,0.736
7/14/2016 0:06,0.71,7/14/2016 0:06,0.762
7/14/2016 0:12,0.72,7/14/2016 0:12,0.79
7/14/2016 0:18,0.71,7/14/2016 0:18,0.818
7/14/2016 0:24,0.72,7/14/2016 0:24,0.846
7/14/2016 0:30,0.72,7/14/2016 0:30,0.877
7/14/2016 0:36,0.72,7/14/2016 0:36,0.909
7/14/2016 0:42,0.71,7/14/2016 0:42,0.939
7/14/2016 0:48,0.72,7/14/2016 0:48,0.968
7/14/2016 0:54,0.71,7/14/2016 0:54,1.004
7/14/2016 1:00,0.71,7/14/2016 1:00,1.034
7/14/2016 1:06,0.71,7/14/2016 1:06,1.059
7/14/2016 1:12,0.71,7/14/2016 1:12,1.087
7/14/2016 1:18,0.71,7/14/2016 1:18,1.114
7/14/2016 1:24,0.71,7/14/2016 1:24,1.141
7/14/2016 1:30,0.71,7/14/2016 1:30,1.166
7/14/2016 1:36,0.71,7/14/2016 1:36,1.19
7/14/2016 1:42,0.71,7/14/2016 1:42,1.21
7/14/2016 1:48,0.71,7/14/2016 1:48,1.232
7/14/2016 1:54,0.71,7/14/2016 1:54,1.252
7/14/2016 2:00,0.71,7/14/2016 2:00,1.276
7/14/2016 2:06,0.71,7/14/2016 2:06,1.302
7/14/2016 2:12,0.73,7/14/2016 2:12,1.321
7/14/2016 2:18,0.75,7/14/2016 2:18,1.346
7/14/2016 2:24,0.77,7/14/2016 2:24,1.364
7/14/2016 2:30,0.79,7/14/2016 2:30,1.372
7/14/2016 2:36,0.81,7/14/2016 2:36,1.379
7/14/2016 2:42,0.82,7/14/2016 2:42,1.389
7/14/2016 2:48,0.84,7/14/2016 2:48,1.403
7/14/2016 2:54,0.86,7/14/2016 2:54,1.415
7/14/2016 3:00,0.87,7/14/2016 3:00,1.429
7/14/2016 3:06,0.89,7/14/2016 3:06,1.446
7/14/2016 3:12,0.9,7/14/2016 3:12,1.458
7/14/2016 3:18,0.92,7/14/2016 3:18,1.467
7/14/2016 3:24,0.93,7/14/2016 3:24,1.477
7/14/2016 3:30,0.94,7/14/2016 3:30,1.479
7/14/2016 3:36,0.95,7/14/2016 3:36,1.484
7/14/2016 3:42,0.96,7/14/2016 3:42,1.479
7/14/2016 3:48,0.97,7/14/2016 3:48,1.474
7/14/2016 3:54,0.98,7/14/2016 3:54,1.472
7/14/2016 4:00,0.98,7/14/2016 4:00,1.47
7/14/2016 4:06,0.98,7/14/2016 4:06,1.469
7/14/2016 4:12,0.98,7/14/2016 4:12,1.468
7/14/2016 4:18,0.98,7/14/2016 4:18,1.463
7/14/2016 4:24,0.98,7/14/2016 4:24,1.458
7/14/2016 4:30,0.98,7/14/2016 4:30,1.451
7/14/2016 4:36,0.97,7/14/2016 4:36,1.44
7/14/2016 4:42,0.96,7/14/2016 4:42,1.435
7/14/2016 4:48,0.95,7/14/2016 4:48,1.423
7/14/2016 4:54,0.94,7/14/2016 4:54,1.413
7/14/2016 5:00,0.92,7/14/2016 5:00,1.395
7/14/2016 5:06,0.91,7/14/2016 5:06,1.381
7/14/2016 5:12,0.89,7/14/2016 5:12,1.368
7/14/2016 5:18,0.88,7/14/2016 5:18,1.347
7/14/2016 5:24,0.86,7/14/2016 5:24,1.332
7/14/2016 5:30,0.84,7/14/2016 5:30,1.319
7/14/2016 5:36,0.83,7/14/2016 5:36,1.293
7/14/2016 5:42,0.81,7/14/2016 5:42,1.274
7/14/2016 5:48,0.79,7/14/2016 5:48,1.253
7/14/2016 5:54,0.78,7/14/2016 5:54,1.233
7/14/2016 6:00,0.76,7/14/2016 6:00,1.214
7/14/2016 6:06,0.74,7/14/2016 6:06,1.188
7/14/2016 6:12,0.72,7/14/2016 6:12,1.129
7/14/2016 6:18,0.71,7/14/2016 6:18,1.113
7/14/2016 6:24,0.71,7/14/2016 6:24,1.08
7/14/2016 6:30,0.71,7/14/2016 6:30,1.057
7/14/2016 6:36,0.71,7/14/2016 6:36,1.018
7/14/2016 6:42,0.71,7/14/2016 6:42,0.991
7/14/2016 6:48,0.71,7/14/2016 6:48,0.974
7/14/2016 6:54,0.71,7/14/2016 6:54,0.935
7/14/2016 7:00,0.71,7/14/2016 7:00,0.906
7/14/2016 7:06,0.71,7/14/2016 7:06,0.877
7/14/2016 7:12,0.71,7/14/2016 7:12,0.853
7/14/2016 7:18,0.71,7/14/2016 7:18,0.826
7/14/2016 7:24,0.71,7/14/2016 7:24,0.79
7/14/2016 7:30,0.71,7/14/2016 7:30,0.76
7/14/2016 7:36,0.71,7/14/2016 7:36,0.728
7/14/2016 7:42,0.71,7/14/2016 7:42,0.695
7/14/2016 7:48,0.71,7/14/2016 7:48,0.664
7/14/2016 7:54,0.71,7/14/2016 7:54,0.636
7/14/2016 8:00,0.71,7/14/2016 8:00,0.612
7/14/2016 8:06,0.71,7/14/2016 8:06,0.585
7/14/2016 8:12,0.71,7/14/2016 8:12,0.561
7/14/2016 8:18,0.71,7/14/2016 8:18,0.539
7/14/2016 8:24,0.71,7/14/2016 8:24,0.514
7/14/2016 8:30,0.71,7/14/2016 8:30,0.495
7/14/2016 8:36,0.71,7/14/2016 8:36,0.467
7/14/2016 8:42,0.71,7/14/2016 8:42,0.442
7/14/2016 8:48,0.71,7/14/2016 8:48,0.421
7/14/2016 8:54,0.71,7/14/2016 8:54,0.402
7/14/2016 9:00,0.71,7/14/2016 9:00,0.38
7/14/2016 9:06,0.71,7/14/2016 9:06,0.367
7/14/2016 9:12,0.71,7/14/2016 9:12,0.357
7/14/2016 9:18,0.7,7/14/2016 9:18,0.347
7/14/2016 9:24,0.7,7/14/2016 9:24,0.338
7/14/2016 9:30,0.71,7/14/2016 9:30,0.322
7/14/2016 9:36,0.71,7/14/2016 9:36,0.319
7/14/2016 9:42,0.71,7/14/2016 9:42,0.313
7/14/2016 9:48,0.71,7/14/2016 9:48,0.307
7/14/2016 9:54,0.71,7/14/2016 9:54,0.267
7/14/2016 10:00,0.71,7/14/2016 10:00,0.288
7/14/2016 10:06,0.71,7/14/2016 10:06,0.28
7/14/2016 10:12,0.71,7/14/2016 10:12,0.271
7/14/2016 10:18,0.71,7/14/2016 10:18,0.27
7/14/2016 10:24,0.71,7/14/2016 10:24,0.262
7/14/2016 10:30,0.71,7/14/2016 10:30,0.263
7/14/2016 10:36,0.71,7/14/2016 10:36,0.267
7/14/2016 10:42,0.71,7/14/2016 10:42,0.27
7/14/2016 10:48,0.71,7/14/2016 10:48,0.286
7/14/2016 10:54,0.71,7/14/2016 10:54,0.294
7/14/2016 11:00,0.71,7/14/2016 11:00,0.309
7/14/2016 11:06,0.71,7/14/2016 11:06,0.322
7/14/2016 11:12,0.71,7/14/2016 11:12,0.34
7/14/2016 11:18,0.71,7/14/2016 11:18,0.359
7/14/2016 11:24,0.71,7/14/2016 11:24,0.384
7/14/2016 11:30,0.71,7/14/2016 11:30,0.409
7/14/2016 11:36,0.71,7/14/2016 11:36,0.434
7/14/2016 11:42,0.71,7/14/2016 11:42,0.461
7/14/2016 11:48,0.71,7/14/2016 11:48,0.489
7/14/2016 11:54,0.71,7/14/2016 11:54,0.511
7/14/2016 12:00,0.71,7/14/2016 12:00,0.537
7/14/2016 12:06,0.71,7/14/2016 12:06,0.561
7/14/2016 12:12,0.71,7/14/2016 12:12,0.589
7/14/2016 12:18,0.71,7/14/2016 12:18,0.616
7/14/2016 12:24,0.71,7/14/2016 12:24,0.653
7/14/2016 12:30,0.71,7/14/2016 12:30,0.683
7/14/2016 12:36,0.71,7/14/2016 12:36,0.717
7/14/2016 12:42,0.71,7/14/2016 12:42,0.754
7/14/2016 12:48,0.71,7/14/2016 12:48,0.787
7/14/2016 12:54,0.71,7/14/2016 12:54,0.821
7/14/2016 13:00,0.71,7/14/2016 13:00,0.852
7/14/2016 13:06,0.7,7/14/2016 13:06,0.888
7/14/2016 13:12,0.7,7/14/2016 13:12,0.923
7/14/2016 13:18,0.7,7/14/2016 13:18,0.962
7/14/2016 13:24,0.7,7/14/2016 13:24,0.997
7/14/2016 13:30,0.7,7/14/2016 13:30,1.035
7/14/2016 13:36,0.7,7/14/2016 13:36,1.054
7/14/2016 13:42,0.7,7/14/2016 13:42,1.104
7/14/2016 13:48,0.7,7/14/2016 13:48,1.133
7/14/2016 13:54,0.7,7/14/2016 13:54,1.171
7/14/2016 14:00,0.7,7/14/2016 14:00,1.203
7/14/2016 14:06,0.7,7/14/2016 14:06,1.234
7/14/2016 14:12,0.7,7/14/2016 14:12,1.267
7/14/2016 14:18,0.69,7/14/2016 14:18,1.302
7/14/2016 14:24,0.69,7/14/2016 14:24,1.329
7/14/2016 14:30,0.71,7/14/2016 14:30,
7/14/2016 14:36,0.74,7/14/2016 14:36,1.379
7/14/2016 14:42,0.75,7/14/2016 14:42,1.403
7/14/2016 14:48,0.78,7/14/2016 14:48,1.425
7/14/2016 14:54,0.8,7/14/2016 14:54,1.439
7/14/2016 15:00,0.83,7/14/2016 15:00,1.465
7/14/2016 15:06,0.85,7/14/2016 15:06,1.48
7/14/2016 15:12,0.87,7/14/2016 15:12,1.495
7/14/2016 15:18,0.9,7/14/2016 15:18,1.509
7/14/2016 15:24,0.92,7/14/2016 15:24,1.533
7/14/2016 15:30,0.95,7/14/2016 15:30,1.548
7/14/2016 15:36,0.97,7/14/2016 15:36,1.567
7/14/2016 15:42,1,7/14/2016 15:42,1.581
7/14/2016 15:48,1.02,7/14/2016 15:48,1.595
7/14/2016 15:54,1.04,7/14/2016 15:54,1.606
7/14/2016 16:00,1.05,7/14/2016 16:00,1.614
7/14/2016 16:06,1.08,7/14/2016 16:06,1.628
7/14/2016 16:12,1.09,7/14/2016 16:12,1.634
7/14/2016 16:18,1.1,7/14/2016 16:18,1.645
7/14/2016 16:24,1.12,7/14/2016 16:24,1.649
7/14/2016 16:30,1.12,7/14/2016 16:30,1.659
7/14/2016 16:36,1.13,7/14/2016 16:36,1.671
7/14/2016 16:42,1.14,7/14/2016 16:42,1.676
7/14/2016 16:48,1.15,7/14/2016 16:48,1.683
7/14/2016 16:54,1.15,7/14/2016 16:54,1.68
7/14/2016 17:00,1.17,7/14/2016 17:00,1.682
7/14/2016 17:06,1.17,7/14/2016 17:06,1.677
7/14/2016 17:12,1.17,7/14/2016 17:12,1.67
7/14/2016 17:18,1.17,7/14/2016 17:18,1.66
7/14/2016 17:24,1.17,7/14/2016 17:24,1.641
7/14/2016 17:30,1.16,7/14/2016 17:30,1.632
7/14/2016 17:36,1.16,7/14/2016 17:36,1.631
7/14/2016 17:42,1.15,7/14/2016 17:42,1.619
7/14/2016 17:48,1.13,7/14/2016 17:48,1.591
7/14/2016 17:54,1.12,7/14/2016 17:54,1.599
7/14/2016 18:00,1.11,7/14/2016 18:00,1.59
7/14/2016 18:06,1.09,7/14/2016 18:06,1.574
7/14/2016 18:12,1.07,7/14/2016 18:12,1.554
7/14/2016 18:18,1.06,7/14/2016 18:18,1.529
7/14/2016 18:24,1.04,7/14/2016 18:24,1.518
7/14/2016 18:30,1.02,7/14/2016 18:30,1.502
7/14/2016 18:36,0.99,7/14/2016 18:36,1.481
7/14/2016 18:42,0.97,7/14/2016 18:42,1.451
7/14/2016 18:48,0.95,7/14/2016 18:48,1.421
7/14/2016 18:54,0.92,7/14/2016 18:54,1.387
7/14/2016 19:00,0.9,7/14/2016 19:00,1.352
7/14/2016 19:06,0.87,7/14/2016 19:06,1.317
7/14/2016 19:12,0.85,7/14/2016 19:12,1.283
7/14/2016 19:18,0.83,7/14/2016 19:18,1.248
7/14/2016 19:24,0.8,7/14/2016 19:24,1.202
7/14/2016 19:30,0.79,7/14/2016 19:30,1.165
7/14/2016 19:36,0.76,7/14/2016 19:36,1.134
7/14/2016 19:42,0.75,7/14/2016 19:42,1.09
7/14/2016 19:48,0.73,7/14/2016 19:48,1.06
7/14/2016 19:54,0.71,7/14/2016 19:54,1.018
7/14/2016 20:00,0.7,7/14/2016 20:00,0.978
7/14/2016 20:06,0.7,7/14/2016 20:06,0.952
7/14/2016 20:12,0.7,7/14/2016 20:12,0.915
7/14/2016 20:18,0.7,7/14/2016 20:18,0.879
7/14/2016 20:24,0.7,7/14/2016 20:24,0.839
7/14/2016 20:30,0.7,7/14/2016 20:30,0.822
7/14/2016 20:36,0.7,7/14/2016 20:36,0.784
7/14/2016 20:42,0.7,7/14/2016 20:42,0.754
7/14/2016 20:48,0.7,7/14/2016 20:48,0.714
7/14/2016 20:54,0.7,7/14/2016 20:54,0.68
7/14/2016 21:00,0.7,7/14/2016 21:00,0.646
7/14/2016 21:06,0.7,7/14/2016 21:06,0.606
7/14/2016 21:12,0.7,7/14/2016 21:12,0.571
7/14/2016 21:18,0.7,7/14/2016 21:18,0.549
7/14/2016 21:24,0.7,7/14/2016 21:24,0.526
7/14/2016 21:30,0.7,7/14/2016 21:30,0.494
7/14/2016 21:36,0.7,7/14/2016 21:36,0.464
7/14/2016 21:42,0.7,7/14/2016 21:42,0.444
7/14/2016 21:48,0.7,7/14/2016 21:48,0.421
7/14/2016 21:54,0.7,7/14/2016 21:54,0.386
7/14/2016 22:00,0.7,7/14/2016 22:00,0.35
7/14/2016 22:06,0.7,7/14/2016 22:06,0.324
7/14/2016 22:12,0.71,7/14/2016 22:12,0.306
7/14/2016 22:18,0.7,7/14/2016 22:18,0.29
7/14/2016 22:24,0.7,7/14/2016 22:24,0.283
7/14/2016 22:30,0.71,7/14/2016 22:30,0.28
7/14/2016 22:36,0.71,7/14/2016 22:36,0.276
7/14/2016 22:42,0.71,7/14/2016 22:42,0.276
7/14/2016 22:48,0.7,7/14/2016 22:48,0.28
7/14/2016 22:54,0.71,7/14/2016 22:54,0.286
7/14/2016 23:00,0.7,7/14/2016 23:00,0.3
7/14/2016 23:06,0.7,7/14/2016 23:06,0.311
7/14/2016 23:12,0.7,7/14/2016 23:12,0.319
7/14/2016 23:18,0.7,7/14/2016 23:18,0.329
7/14/2016 23:24,0.7,7/14/2016 23:24,0.347
7/14/2016 23:30,0.7,7/14/2016 23:30,0.363
7/14/2016 23:36,0.7,7/14/2016 23:36,0.367
7/14/2016 23:42,0.7,7/14/2016 23:42,0.383
7/14/2016 23:48,0.7,7/14/2016 23:48,0.403
7/14/2016 23:54,0.7,7/14/2016 23:54,0.416
7/15/2016,0.7,7/15/2016 0:00,0.433
7/15/2016 0:06,0.7,7/15/2016 0:06,0.453
7/15/2016 0:12,0.7,7/15/2016 0:12,0.47
7/15/2016 0:18,0.7,7/15/2016 0:18,0.489
7/15/2016 0:24,0.7,7/15/2016 0:24,0.508
7/15/2016 0:30,0.7,7/15/2016 0:30,0.528
7/15/2016 0:36,0.7,7/15/2016 0:36,0.541
7/15/2016 0:42,0.69,7/15/2016 0:42,0.559
7/15/2016 0:48,0.69,7/15/2016 0:48,0.59
7/15/2016 0:54,0.69,7/15/2016 0:54,0.61
7/15/2016 1:00,0.7,7/15/2016 1:00,0.633
7/15/2016 1:06,0.69,7/15/2016 1:06,0.668
7/15/2016 1:12,0.69,7/15/2016 1:12,0.694
7/15/2016 1:18,0.7,7/15/2016 1:18,0.727
7/15/2016 1:24,0.69,7/15/2016 1:24,0.749
7/15/2016 1:30,0.69,7/15/2016 1:30,0.773
7/15/2016 1:36,0.69,7/15/2016 1:36,0.808
7/15/2016 1:42,0.7,7/15/2016 1:42,0.844
7/15/2016 1:48,0.69,7/15/2016 1:48,0.869
7/15/2016 1:54,0.69,7/15/2016 1:54,0.885
7/15/2016 2:00,0.69,7/15/2016 2:00,0.905
7/15/2016 2:06,0.69,7/15/2016 2:06,0.927
7/15/2016 2:12,0.69,7/15/2016 2:12,0.95
7/15/2016 2:18,0.69,7/15/2016 2:18,0.982
7/15/2016 2:24,0.69,7/15/2016 2:24,1.013
7/15/2016 2:30,0.69,7/15/2016 2:30,1.042
7/15/2016 2:36,0.69,7/15/2016 2:36,1.066
7/15/2016 2:42,0.69,7/15/2016 2:42,1.094
7/15/2016 2:48,0.69,7/15/2016 2:48,1.117
7/15/2016 2:54,0.69,7/15/2016 2:54,1.133
7/15/2016 3:00,0.69,7/15/2016 3:00,1.158
7/15/2016 3:06,0.69,7/15/2016 3:06,1.183
7/15/2016 3:12,0.69,7/15/2016 3:12,1.203
7/15/2016 3:18,0.69,7/15/2016 3:18,1.22
7/15/2016 3:24,0.69,7/15/2016 3:24,1.235
7/15/2016 3:30,0.69,7/15/2016 3:30,1.249
7/15/2016 3:36,0.7,7/15/2016 3:36,1.265
7/15/2016 3:42,0.72,7/15/2016 3:42,1.279
7/15/2016 3:48,0.73,7/15/2016 3:48,1.288
7/15/2016 3:54,0.75,7/15/2016 3:54,1.303
7/15/2016 4:00,0.76,7/15/2016 4:00,1.323
7/15/2016 4:06,0.77,7/15/2016 4:06,1.336
7/15/2016 4:12,0.79,7/15/2016 4:12,1.343
7/15/2016 4:18,0.8,7/15/2016 4:18,1.356
7/15/2016 4:24,0.82,7/15/2016 4:24,1.365
7/15/2016 4:30,0.84,7/15/2016 4:30,1.37
7/15/2016 4:36,0.85,7/15/2016 4:36,1.376
7/15/2016 4:42,0.86,7/15/2016 4:42,1.376
7/15/2016 4:48,0.87,7/15/2016 4:48,1.382
7/15/2016 4:54,0.88,7/15/2016 4:54,1.382
7/15/2016 5:00,0.88,7/15/2016 5:00,1.379
7/15/2016 5:06,0.88,7/15/2016 5:06,1.375
7/15/2016 5:12,0.89,7/15/2016 5:12,1.37
7/15/2016 5:18,0.89,7/15/2016 5:18,1.371
7/15/2016 5:24,0.88,7/15/2016 5:24,1.363
7/15/2016 5:30,0.88,7/15/2016 5:30,1.349
7/15/2016 5:36,0.88,7/15/2016 5:36,1.331
7/15/2016 5:42,0.87,7/15/2016 5:42,1.312
7/15/2016 5:48,0.86,7/15/2016 5:48,1.3
7/15/2016 5:54,0.85,7/15/2016 5:54,1.283
7/15/2016 6:00,0.83,7/15/2016 6:00,1.268
7/15/2016 6:06,0.81,7/15/2016 6:06,1.236
7/15/2016 6:12,0.8,7/15/2016 6:12,1.221
7/15/2016 6:18,0.78,7/15/2016 6:18,1.196
7/15/2016 6:24,0.76,7/15/2016 6:24,1.17
7/15/2016 6:30,0.74,7/15/2016 6:30,1.144
7/15/2016 6:36,0.72,7/15/2016 6:36,1.118
7/15/2016 6:42,0.7,7/15/2016 6:42,1.094
7/15/2016 6:48,0.7,7/15/2016 6:48,1.073
7/15/2016 6:54,0.7,7/15/2016 6:54,1.045
7/15/2016 7:00,0.7,7/15/2016 7:00,1.009
7/15/2016 7:06,0.7,7/15/2016 7:06,0.973
7/15/2016 7:12,0.7,7/15/2016 7:12,0.945
7/15/2016 7:18,0.7,7/15/2016 7:18,0.915
7/15/2016 7:24,0.7,7/15/2016 7:24,0.884
7/15/2016 7:30,0.7,7/15/2016 7:30,0.853
7/15/2016 7:36,0.7,7/15/2016 7:36,0.818
7/15/2016 7:42,0.7,7/15/2016 7:42,0.779
7/15/2016 7:48,0.7,7/15/2016 7:48,0.742
7/15/2016 7:54,0.7,7/15/2016 7:54,0.701
7/15/2016 8:00,0.7,7/15/2016 8:00,0.663
7/15/2016 8:06,0.7,7/15/2016 8:06,0.624
7/15/2016 8:12,0.7,7/15/2016 8:12,0.59
7/15/2016 8:18,0.7,7/15/2016 8:18,0.554
7/15/2016 8:24,0.7,7/15/2016 8:24,0.523
7/15/2016 8:30,0.7,7/15/2016 8:30,0.495
7/15/2016 8:36,0.7,7/15/2016 8:36,0.468
7/15/2016 8:42,0.7,7/15/2016 8:42,0.437
7/15/2016 8:48,0.7,7/15/2016 8:48,0.411
7/15/2016 8:54,0.7,7/15/2016 8:54,0.387
7/15/2016 9:00,0.7,7/15/2016 9:00,0.363
7/15/2016 9:06,0.7,7/15/2016 9:06,0.339
7/15/2016 9:12,0.7,7/15/2016 9:12,0.323
7/15/2016 9:18,0.7,7/15/2016 9:18,0.304
7/15/2016 9:24,0.7,7/15/2016 9:24,0.291
7/15/2016 9:30,0.7,7/15/2016 9:30,0.275
7/15/2016 9:36,0.71,7/15/2016 9:36,0.26
7/15/2016 9:42,0.7,7/15/2016 9:42,0.244
7/15/2016 9:48,0.7,7/15/2016 9:48,0.23
7/15/2016 9:54,0.7,7/15/2016 9:54,0.214
7/15/2016 10:00,0.7,7/15/2016 10:00,0.198
7/15/2016 10:06,0.71,7/15/2016 10:06,0.18
7/15/2016 10:12,0.71,7/15/2016 10:12,0.164
7/15/2016 10:18,0.7,7/15/2016 10:18,0.15
7/15/2016 10:24,0.7,7/15/2016 10:24,0.139
7/15/2016 10:30,0.7,7/15/2016 10:30,0.132
7/15/2016 10:36,0.7,7/15/2016 10:36,0.123
7/15/2016 10:42,0.7,7/15/2016 10:42,0.112
7/15/2016 10:48,0.7,7/15/2016 10:48,0.117
7/15/2016 10:54,0.71,7/15/2016 10:54,0.119
7/15/2016 11:00,0.7,7/15/2016 11:00,0.124
7/15/2016 11:06,0.7,7/15/2016 11:06,0.128
7/15/2016 11:12,0.7,7/15/2016 11:12,0.14
7/15/2016 11:18,0.7,7/15/2016 11:18,0.144
7/15/2016 11:24,0.71,7/15/2016 11:24,0.15
7/15/2016 11:30,0.71,7/15/2016 11:30,0.159
7/15/2016 11:36,0.71,7/15/2016 11:36,0.164
7/15/2016 11:42,0.71,7/15/2016 11:42,0.165
7/15/2016 11:48,0.71,7/15/2016 11:48,0.171
7/15/2016 11:54,0.71,7/15/2016 11:54,0.175
7/15/2016 12:00,0.71,7/15/2016 12:00,0.185
7/15/2016 12:06,0.71,7/15/2016 12:06,0.194
7/15/2016 12:12,0.71,7/15/2016 12:12,0.212
7/15/2016 12:18,0.71,7/15/2016 12:18,0.234
7/15/2016 12:24,0.71,7/15/2016 12:24,0.255
7/15/2016 12:30,0.7,7/15/2016 12:30,0.281
7/15/2016 12:36,0.7,7/15/2016 12:36,0.311
7/15/2016 12:42,0.7,7/15/2016 12:42,0.341
7/15/2016 12:48,0.7,7/15/2016 12:48,0.371
7/15/2016 12:54,0.7,7/15/2016 12:54,0.398
7/15/2016 13:00,0.7,7/15/2016 13:00,0.431
7/15/2016 13:06,0.7,7/15/2016 13:06,0.462
7/15/2016 13:12,0.7,7/15/2016 13:12,0.491
7/15/2016 13:18,0.7,7/15/2016 13:18,0.518
7/15/2016 13:24,0.7,7/15/2016 13:24,0.546
7/15/2016 13:30,0.7,7/15/2016 13:30,0.578
7/15/2016 13:36,0.7,7/15/2016 13:36,0.613
7/15/2016 13:42,0.7,7/15/2016 13:42,0.646
7/15/2016 13:48,0.7,7/15/2016 13:48,0.681
7/15/2016 13:54,0.69,7/15/2016 13:54,0.724
7/15/2016 14:00,0.7,7/15/2016 14:00,0.767
7/15/2016 14:06,0.69,7/15/2016 14:06,0.806
7/15/2016 14:12,0.69,7/15/2016 14:12,0.843
7/15/2016 14:18,0.69,7/15/2016 14:18,0.882
7/15/2016 14:24,0.69,7/15/2016 14:24,0.922
7/15/2016 14:30,0.69,7/15/2016 14:30,0.961
7/15/2016 14:36,0.68,7/15/2016 14:36,1.005
7/15/2016 14:42,0.69,7/15/2016 14:42,1.047
7/15/2016 14:48,0.68,7/15/2016 14:48,1.088
7/15/2016 14:54,0.69,7/15/2016 14:54,1.123
7/15/2016 15:00,0.68,7/15/2016 15:00,1.155
7/15/2016 15:06,0.68,7/15/2016 15:06,1.191
7/15/2016 15:12,0.68,7/15/2016 15:12,1.224
7/15/2016 15:18,0.68,7/15/2016 15:18,1.254
7/15/2016 15:24,0.68,7/15/2016 15:24,1.285
7/15/2016 15:30,0.68,7/15/2016 15:30,1.311
7/15/2016 15:36,0.69,7/15/2016 15:36,1.337
7/15/2016 15:42,0.72,7/15/2016 15:42,1.361
7/15/2016 15:48,0.75,7/15/2016 15:48,1.385
7/15/2016 15:54,0.77,7/15/2016 15:54,1.41
7/15/2016 16:00,0.79,7/15/2016 16:00,1.433
7/15/2016 16:06,0.82,7/15/2016 16:06,1.455
7/15/2016 16:12,0.84,7/15/2016 16:12,1.477
7/15/2016 16:18,0.86,7/15/2016 16:18,1.491
7/15/2016 16:24,0.89,7/15/2016 16:24,1.509
7/15/2016 16:30,0.91,7/15/2016 16:30,1.531
7/15/2016 16:36,0.93,7/15/2016 16:36,1.553
7/15/2016 16:42,0.95,7/15/2016 16:42,1.562
7/15/2016 16:48,0.97,7/15/2016 16:48,1.572
7/15/2016 16:54,1,7/15/2016 16:54,1.589
7/15/2016 17:00,1.01,7/15/2016 17:00,1.598
7/15/2016 17:06,1.03,7/15/2016 17:06,1.6
7/15/2016 17:12,1.05,7/15/2016 17:12,1.616
7/15/2016 17:18,1.07,7/15/2016 17:18,1.596
7/15/2016 17:24,1.08,7/15/2016 17:24,1.63
7/15/2016 17:30,1.09,7/15/2016 17:30,1.631
7/15/2016 17:36,1.1,7/15/2016 17:36,1.64
7/15/2016 17:42,1.11,7/15/2016 17:42,1.653
7/15/2016 17:48,1.12,7/15/2016 17:48,1.641
7/15/2016 17:54,1.13,7/15/2016 17:54,1.652
7/15/2016 18:00,1.13,7/15/2016 18:00,1.658
7/15/2016 18:06,1.14,7/15/2016 18:06,1.643
7/15/2016 18:12,1.14,7/15/2016 18:12,1.628
7/15/2016 18:18,1.14,7/15/2016 18:18,1.613
7/15/2016 18:24,1.13,7/15/2016 18:24,1.612
7/15/2016 18:30,1.12,7/15/2016 18:30,1.601
7/15/2016 18:36,1.12,7/15/2016 18:36,1.582
7/15/2016 18:42,1.1,7/15/2016 18:42,1.565
7/15/2016 18:48,1.09,7/15/2016 18:48,1.555
7/15/2016 18:54,1.07,7/15/2016 18:54,1.53
7/15/2016 19:00,1.06,7/15/2016 19:00,1.508
7/15/2016 19:06,1.04,7/15/2016 19:06,1.482
7/15/2016 19:12,1.02,7/15/2016 19:12,1.46
7/15/2016 19:18,1,7/15/2016 19:18,1.441
7/15/2016 19:24,0.98,7/15/2016 19:24,1.412
7/15/2016 19:30,0.96,7/15/2016 19:30,1.388
7/15/2016 19:36,0.94,7/15/2016 19:36,1.356
7/15/2016 19:42,0.91,7/15/2016 19:42,1.326
7/15/2016 19:48,0.89,7/15/2016 19:48,1.292
7/15/2016 19:54,0.87,7/15/2016 19:54,1.254
7/15/2016 20:00,0.85,7/15/2016 20:00,1.217
7/15/2016 20:06,0.83,7/15/2016 20:06,1.182
7/15/2016 20:12,0.81,7/15/2016 20:12,1.141
7/15/2016 20:18,0.78,7/15/2016 20:18,1.1
7/15/2016 20:24,0.76,7/15/2016 20:24,1.068
7/15/2016 20:30,0.74,7/15/2016 20:30,1.036
7/15/2016 20:36,0.72,7/15/2016 20:36,1.005
7/15/2016 20:42,0.71,7/15/2016 20:42,0.97
7/15/2016 20:48,0.71,7/15/2016 20:48,0.935
7/15/2016 20:54,0.7,7/15/2016 20:54,0.904
7/15/2016 21:00,0.7,7/15/2016 21:00,0.866
7/15/2016 21:06,0.7,7/15/2016 21:06,0.826
7/15/2016 21:12,0.7,7/15/2016 21:12,0.787
7/15/2016 21:18,0.71,7/15/2016 21:18,0.751
7/15/2016 21:24,0.7,7/15/2016 21:24,0.714
7/15/2016 21:30,0.7,7/15/2016 21:30,0.674
7/15/2016 21:36,0.7,7/15/2016 21:36,0.641
7/15/2016 21:42,0.7,7/15/2016 21:42,0.609
7/15/2016 21:48,0.7,7/15/2016 21:48,0.575
7/15/2016 21:54,0.7,7/15/2016 21:54,0.544
7/15/2016 22:00,0.7,7/15/2016 22:00,0.51
7/15/2016 22:06,0.7,7/15/2016 22:06,0.476
7/15/2016 22:12,0.7,7/15/2016 22:12,0.444
7/15/2016 22:18,0.7,7/15/2016 22:18,0.415
7/15/2016 22:24,0.7,7/15/2016 22:24,0.395
7/15/2016 22:30,0.7,7/15/2016 22:30,0.375
7/15/2016 22:36,0.7,7/15/2016 22:36,0.361
7/15/2016 22:42,0.71,7/15/2016 22:42,0.345
7/15/2016 22:48,0.7,7/15/2016 22:48,0.333
7/15/2016 22:54,0.7,7/15/2016 22:54,0.318
7/15/2016 23:00,0.7,7/15/2016 23:00,0.301
7/15/2016 23:06,0.71,7/15/2016 23:06,0.307
7/15/2016 23:12,0.7,7/15/2016 23:12,0.32
7/15/2016 23:18,0.71,7/15/2016 23:18,0.301
7/15/2016 23:24,0.71,7/15/2016 23:24,0.262
7/15/2016 23:30,0.71,7/15/2016 23:30,0.219
7/15/2016 23:36,0.71,7/15/2016 23:36,0.177
7/15/2016 23:42,0.71,7/15/2016 23:42,0.127
7/15/2016 23:48,0.71,7/15/2016 23:48,0.093
7/15/2016 23:54,0.71,7/15/2016 23:54,0.077
7/16/2016,0.71,7/16/2016 0:00,0.08
7/16/2016 0:06,0.71,7/16/2016 0:06,0.104
7/16/2016 0:12,0.71,7/16/2016 0:12,0.133
7/16/2016 0:18,0.71,7/16/2016 0:18,0.166
7/16/2016 0:24,0.71,7/16/2016 0:24,0.194
7/16/2016 0:30,0.71,7/16/2016 0:30,0.225
7/16/2016 0:36,0.71,7/16/2016 0:36,0.254
7/16/2016 0:42,0.71,7/16/2016 0:42,0.28
7/16/2016 0:48,0.71,7/16/2016 0:48,0.3
7/16/2016 0:54,0.71,7/16/2016 0:54,0.315
7/16/2016 1:00,0.71,7/16/2016 1:00,0.338
7/16/2016 1:06,0.71,7/16/2016 1:06,0.364
7/16/2016 1:12,0.71,7/16/2016 1:12,0.391
7/16/2016 1:18,0.71,7/16/2016 1:18,0.419
7/16/2016 1:24,0.71,7/16/2016 1:24,0.453
7/16/2016 1:30,0.71,7/16/2016 1:30,0.489
7/16/2016 1:36,0.7,7/16/2016 1:36,0.519
7/16/2016 1:42,0.7,7/16/2016 1:42,0.547
7/16/2016 1:48,0.7,7/16/2016 1:48,0.582
7/16/2016 1:54,0.7,7/16/2016 1:54,0.629
7/16/2016 2:00,0.71,7/16/2016 2:00,0.659
7/16/2016 2:06,0.7,7/16/2016 2:06,0.688
7/16/2016 2:12,0.7,7/16/2016 2:12,0.733
7/16/2016 2:18,0.7,7/16/2016 2:18,0.768
7/16/2016 2:24,0.7,7/16/2016 2:24,0.805
7/16/2016 2:30,0.7,7/16/2016 2:30,0.833
7/16/2016 2:36,0.7,7/16/2016 2:36,0.865
7/16/2016 2:42,0.7,7/16/2016 2:42,0.897
7/16/2016 2:48,0.7,7/16/2016 2:48,0.924
7/16/2016 2:54,0.7,7/16/2016 2:54,0.955
7/16/2016 3:00,0.7,7/16/2016 3:00,0.991
7/16/2016 3:06,0.7,7/16/2016 3:06,1.025
7/16/2016 3:12,0.7,7/16/2016 3:12,1.054
7/16/2016 3:18,0.7,7/16/2016 3:18,1.079
7/16/2016 3:24,0.7,7/16/2016 3:24,1.099
7/16/2016 3:30,0.7,7/16/2016 3:30,1.122
7/16/2016 3:36,0.7,7/16/2016 3:36,1.143
7/16/2016 3:42,0.69,7/16/2016 3:42,1.163
7/16/2016 3:48,0.7,7/16/2016 3:48,1.184
7/16/2016 3:54,0.7,7/16/2016 3:54,1.202
7/16/2016 4:00,0.7,7/16/2016 4:00,1.221
7/16/2016 4:06,0.7,7/16/2016 4:06,1.244
7/16/2016 4:12,0.7,7/16/2016 4:12,1.271
7/16/2016 4:18,0.7,7/16/2016 4:18,1.299
7/16/2016 4:24,0.72,7/16/2016 4:24,1.322
7/16/2016 4:30,0.75,7/16/2016 4:30,1.336
7/16/2016 4:36,0.76,7/16/2016 4:36,1.342
7/16/2016 4:42,0.78,7/16/2016 4:42,1.341
7/16/2016 4:48,0.8,7/16/2016 4:48,1.349
7/16/2016 4:54,0.82,7/16/2016 4:54,1.36
7/16/2016 5:00,0.83,7/16/2016 5:00,1.37
7/16/2016 5:06,0.85,7/16/2016 5:06,1.38
7/16/2016 5:12,0.86,7/16/2016 5:12,1.397
7/16/2016 5:18,0.88,7/16/2016 5:18,1.39
7/16/2016 5:24,0.89,7/16/2016 5:24,1.386
7/16/2016 5:30,0.9,7/16/2016 5:30,1.38
7/16/2016 5:36,0.91,7/16/2016 5:36,1.372
7/16/2016 5:42,0.92,7/16/2016 5:42,1.39
7/16/2016 5:48,0.92,7/16/2016 5:48,1.391
7/16/2016 5:54,0.92,7/16/2016 5:54,1.397
7/16/2016 6:00,0.93,7/16/2016 6:00,1.393
7/16/2016 6:06,0.93,7/16/2016 6:06,1.376
7/16/2016 6:12,0.92,7/16/2016 6:12,1.373
7/16/2016 6:18,0.92,7/16/2016 6:18,1.37
7/16/2016 6:24,0.91,7/16/2016 6:24,1.36
7/16/2016 6:30,0.9,7/16/2016 6:30,1.353
7/16/2016 6:36,0.89,7/16/2016 6:36,1.348
7/16/2016 6:42,0.88,7/16/2016 6:42,1.344
7/16/2016 6:48,0.86,7/16/2016 6:48,1.338
7/16/2016 6:54,0.85,7/16/2016 6:54,1.33
7/16/2016 7:00,0.84,7/16/2016 7:00,1.318
7/16/2016 7:06,0.82,7/16/2016 7:06,1.301
7/16/2016 7:12,0.81,7/16/2016 7:12,1.276
7/16/2016 7:18,0.8,7/16/2016 7:18,1.251
7/16/2016 7:24,0.78,7/16/2016 7:24,1.229
7/16/2016 7:30,0.77,7/16/2016 7:30,1.202
7/16/2016 7:36,0.75,7/16/2016 7:36,1.176
7/16/2016 7:42,0.73,7/16/2016 7:42,1.146
7/16/2016 7:48,0.72,7/16/2016 7:48,1.112
7/16/2016 7:54,0.72,7/16/2016 7:54,1.078
7/16/2016 8:00,0.72,7/16/2016 8:00,1.043
7/16/2016 8:06,0.72,7/16/2016 8:06,1.011
7/16/2016 8:12,0.72,7/16/2016 8:12,0.982
7/16/2016 8:18,0.72,7/16/2016 8:18,0.955
7/16/2016 8:24,0.72,7/16/2016 8:24,0.921
7/16/2016 8:30,0.72,7/16/2016 8:30,0.89
7/16/2016 8:36,0.72,7/16/2016 8:36,0.855
7/16/2016 8:42,0.72,7/16/2016 8:42,0.828
7/16/2016 8:48,0.72,7/16/2016 8:48,0.784
7/16/2016 8:54,0.72,7/16/2016 8:54,0.772
7/16/2016 9:00,0.72,7/16/2016 9:00,0.726
7/16/2016 9:06,0.72,7/16/2016 9:06,0.688
7/16/2016 9:12,0.72,7/16/2016 9:12,0.639
7/16/2016 9:18,0.72,7/16/2016 9:18,0.596
7/16/2016 9:24,0.72,7/16/2016 9:24,0.565
7/16/2016 9:30,0.72,7/16/2016 9:30,0.535
7/16/2016 9:36,0.72,7/16/2016 9:36,0.508
7/16/2016 9:42,0.72,7/16/2016 9:42,0.484
7/16/2016 9:48,0.72,7/16/2016 9:48,0.457
7/16/2016 9:54,0.72,7/16/2016 9:54,0.428
7/16/2016 10:00,0.72,7/16/2016 10:00,0.402
7/16/2016 10:06,0.72,7/16/2016 10:06,0.376
7/16/2016 10:12,0.72,7/16/2016 10:12,0.349
7/16/2016 10:18,0.72,7/16/2016 10:18,0.319
7/16/2016 10:24,0.72,7/16/2016 10:24,0.288
7/16/2016 10:30,0.72,7/16/2016 10:30,0.265
7/16/2016 10:36,0.72,7/16/2016 10:36,0.241
7/16/2016 10:42,0.72,7/16/2016 10:42,0.22
7/16/2016 10:48,0.72,7/16/2016 10:48,0.206
7/16/2016 10:54,0.72,7/16/2016 10:54,0.195
7/16/2016 11:00,0.72,7/16/2016 11:00,0.188
7/16/2016 11:06,0.73,7/16/2016 11:06,0.175
7/16/2016 11:12,0.73,7/16/2016 11:12,0.168
7/16/2016 11:18,0.73,7/16/2016 11:18,0.163
7/16/2016 11:24,0.73,7/16/2016 11:24,0.16
7/16/2016 11:30,0.73,7/16/2016 11:30,0.155
7/16/2016 11:36,0.73,7/16/2016 11:36,0.152
7/16/2016 11:42,0.73,7/16/2016 11:42,0.151
7/16/2016 11:48,0.73,7/16/2016 11:48,0.143
7/16/2016 11:54,0.73,7/16/2016 11:54,0.135
7/16/2016 12:00,0.73,7/16/2016 12:00,0.129
7/16/2016 12:06,0.73,7/16/2016 12:06,0.126
7/16/2016 12:12,0.72,7/16/2016 12:12,0.133
7/16/2016 12:18,0.72,7/16/2016 12:18,0.135
7/16/2016 12:24,0.73,7/16/2016 12:24,0.14
7/16/2016 12:30,0.72,7/16/2016 12:30,0.156
7/16/2016 12:36,0.73,7/16/2016 12:36,0.172
7/16/2016 12:42,0.72,7/16/2016 12:42,0.181
7/16/2016 12:48,0.72,7/16/2016 12:48,0.195
7/16/2016 12:54,0.72,7/16/2016 12:54,0.211
7/16/2016 13:00,0.72,7/16/2016 13:00,0.236
7/16/2016 13:06,0.72,7/16/2016 13:06,0.259
7/16/2016 13:12,0.72,7/16/2016 13:12,0.287
7/16/2016 13:18,0.72,7/16/2016 13:18,0.315
7/16/2016 13:24,0.72,7/16/2016 13:24,0.355
7/16/2016 13:30,0.72,7/16/2016 13:30,0.389
7/16/2016 13:36,0.72,7/16/2016 13:36,0.419
7/16/2016 13:42,0.72,7/16/2016 13:42,0.448
7/16/2016 13:48,0.72,7/16/2016 13:48,0.48
7/16/2016 13:54,0.72,7/16/2016 13:54,0.512
7/16/2016 14:00,0.72,7/16/2016 14:00,0.539
7/16/2016 14:06,0.72,7/16/2016 14:06,0.575
7/16/2016 14:12,0.71,7/16/2016 14:12,0.617
7/16/2016 14:18,0.71,7/16/2016 14:18,0.658
7/16/2016 14:24,0.71,7/16/2016 14:24,0.7
7/16/2016 14:30,0.71,7/16/2016 14:30,0.741
7/16/2016 14:36,0.72,7/16/2016 14:36,0.784
7/16/2016 14:42,0.71,7/16/2016 14:42,0.826
7/16/2016 14:48,0.71,7/16/2016 14:48,0.866
7/16/2016 14:54,0.71,7/16/2016 14:54,0.908
7/16/2016 15:00,0.71,7/16/2016 15:00,0.947
7/16/2016 15:06,0.71,7/16/2016 15:06,0.992
7/16/2016 15:12,0.71,7/16/2016 15:12,1.034
7/16/2016 15:18,0.71,7/16/2016 15:18,1.076
7/16/2016 15:24,0.71,7/16/2016 15:24,1.116
7/16/2016 15:30,0.71,7/16/2016 15:30,1.146
7/16/2016 15:36,0.71,7/16/2016 15:36,1.178
7/16/2016 15:42,0.71,7/16/2016 15:42,1.21
7/16/2016 15:48,0.7,7/16/2016 15:48,1.244
7/16/2016 15:54,0.7,7/16/2016 15:54,1.275
7/16/2016 16:00,0.7,7/16/2016 16:00,1.305
7/16/2016 16:06,0.7,7/16/2016 16:06,1.337
7/16/2016 16:12,0.73,7/16/2016 16:12,1.37
7/16/2016 16:18,0.76,7/16/2016 16:18,1.402
7/16/2016 16:24,0.78,7/16/2016 16:24,1.437
7/16/2016 16:30,0.81,7/16/2016 16:30,1.471
7/16/2016 16:36,0.83,7/16/2016 16:36,1.497
7/16/2016 16:42,0.86,7/16/2016 16:42,1.523
7/16/2016 16:48,0.89,7/16/2016 16:48,1.56
7/16/2016 16:54,0.92,7/16/2016 16:54,1.581
7/16/2016 17:00,0.95,7/16/2016 17:00,1.586
7/16/2016 17:06,0.99,7/16/2016 17:06,1.631
7/16/2016 17:12,1.01,7/16/2016 17:12,1.647
7/16/2016 17:18,1.03,7/16/2016 17:18,1.664
7/16/2016 17:24,1.06,7/16/2016 17:24,1.656
7/16/2016 17:30,1.09,7/16/2016 17:30,1.664
7/16/2016 17:36,1.11,7/16/2016 17:36,1.679
7/16/2016 17:42,1.13,7/16/2016 17:42,1.689
7/16/2016 17:48,1.15,7/16/2016 17:48,1.688
7/16/2016 17:54,1.17,7/16/2016 17:54,1.687
7/16/2016 18:00,1.19,7/16/2016 18:00,1.696
7/16/2016 18:06,1.2,7/16/2016 18:06,1.7
7/16/2016 18:12,1.22,7/16/2016 18:12,1.703
7/16/2016 18:18,1.23,7/16/2016 18:18,1.706
7/16/2016 18:24,1.24,7/16/2016 18:24,1.711
7/16/2016 18:30,1.24,7/16/2016 18:30,1.714
7/16/2016 18:36,1.25,7/16/2016 18:36,1.707
7/16/2016 18:42,1.25,7/16/2016 18:42,1.702
7/16/2016 18:48,1.25,7/16/2016 18:48,1.705
7/16/2016 18:54,1.25,7/16/2016 18:54,1.707
7/16/2016 19:00,1.25,7/16/2016 19:00,1.702
7/16/2016 19:06,1.24,7/16/2016 19:06,1.69
7/16/2016 19:12,1.23,7/16/2016 19:12,1.677
7/16/2016 19:18,1.21,7/16/2016 19:18,1.663
7/16/2016 19:24,1.2,7/16/2016 19:24,1.645
7/16/2016 19:30,1.18,7/16/2016 19:30,1.619
7/16/2016 19:36,1.17,7/16/2016 19:36,1.6
7/16/2016 19:42,1.15,7/16/2016 19:42,1.577
7/16/2016 19:48,1.13,7/16/2016 19:48,1.559
7/16/2016 19:54,1.1,7/16/2016 19:54,1.535
7/16/2016 20:00,1.09,7/16/2016 20:00,1.51
7/16/2016 20:06,1.06,7/16/2016 20:06,1.49
7/16/2016 20:12,1.04,7/16/2016 20:12,1.468
7/16/2016 20:18,1.02,7/16/2016 20:18,1.444
7/16/2016 20:24,0.99,7/16/2016 20:24,1.412
7/16/2016 20:30,0.97,7/16/2016 20:30,1.386
7/16/2016 20:36,0.95,7/16/2016 20:36,1.353
7/16/2016 20:42,0.93,7/16/2016 20:42,1.298
7/16/2016 20:48,0.91,7/16/2016 20:48,1.283
7/16/2016 20:54,0.88,7/16/2016 20:54,1.236
7/16/2016 21:00,0.86,7/16/2016 21:00,1.212
7/16/2016 21:06,0.84,7/16/2016 21:06,1.171
7/16/2016 21:12,0.82,7/16/2016 21:12,1.142
7/16/2016 21:18,0.8,7/16/2016 21:18,1.109
7/16/2016 21:24,0.77,7/16/2016 21:24,1.061
7/16/2016 21:30,0.76,7/16/2016 21:30,1.026
7/16/2016 21:36,0.75,7/16/2016 21:36,0.984
7/16/2016 21:42,0.74,7/16/2016 21:42,0.941
7/16/2016 21:48,0.74,7/16/2016 21:48,0.901
7/16/2016 21:54,0.74,7/16/2016 21:54,0.859
7/16/2016 22:00,0.74,7/16/2016 22:00,0.818
7/16/2016 22:06,0.74,7/16/2016 22:06,0.772
7/16/2016 22:12,0.74,7/16/2016 22:12,0.733
7/16/2016 22:18,0.74,7/16/2016 22:18,0.698
7/16/2016 22:24,0.74,7/16/2016 22:24,0.661
7/16/2016 22:30,0.75,7/16/2016 22:30,0.629
7/16/2016 22:36,0.75,7/16/2016 22:36,0.593
7/16/2016 22:42,0.75,7/16/2016 22:42,0.555
7/16/2016 22:48,0.75,7/16/2016 22:48,0.516
7/16/2016 22:54,0.75,7/16/2016 22:54,0.481
7/16/2016 23:00,0.75,7/16/2016 23:00,0.449
7/16/2016 23:06,0.75,7/16/2016 23:06,0.42
7/16/2016 23:12,0.74,7/16/2016 23:12,0.388
7/16/2016 23:18,0.74,7/16/2016 23:18,0.357
7/16/2016 23:24,0.74,7/16/2016 23:24,0.327
7/16/2016 23:30,0.74,7/16/2016 23:30,0.301
7/16/2016 23:36,0.74,7/16/2016 23:36,0.274
7/16/2016 23:42,0.74,7/16/2016 23:42,0.246
7/16/2016 23:48,0.75,7/16/2016 23:48,0.22
7/16/2016 23:54,0.75,7/16/2016 23:54,0.201
7/17/2016,0.75,7/17/2016 0:00,0.188
7/17/2016 0:06,0.75,7/17/2016 0:06,0.176
7/17/2016 0:12,0.75,7/17/2016 0:12,0.165
7/17/2016 0:18,0.75,7/17/2016 0:18,0.156
7/17/2016 0:24,0.75,7/17/2016 0:24,0.156
7/17/2016 0:30,0.75,7/17/2016 0:30,0.154
7/17/2016 0:36,0.75,7/17/2016 0:36,0.146
7/17/2016 0:42,0.75,7/17/2016 0:42,0.136
7/17/2016 0:48,0.75,7/17/2016 0:48,0.129
7/17/2016 0:54,0.75,7/17/2016 0:54,0.124
7/17/2016 1:00,0.75,7/17/2016 1:00,0.121
7/17/2016 1:06,0.75,7/17/2016 1:06,0.128
7/17/2016 1:12,0.75,7/17/2016 1:12,0.152
7/17/2016 1:18,0.75,7/17/2016 1:18,0.17
7/17/2016 1:24,0.75,7/17/2016 1:24,0.185
7/17/2016 1:30,0.75,7/17/2016 1:30,0.197
7/17/2016 1:36,0.75,7/17/2016 1:36,0.214
7/17/2016 1:42,0.75,7/17/2016 1:42,0.233
7/17/2016 1:48,0.75,7/17/2016 1:48,0.267
7/17/2016 1:54,0.74,7/17/2016 1:54,0.285
7/17/2016 2:00,0.74,7/17/2016 2:00,0.313
7/17/2016 2:06,0.75,7/17/2016 2:06,0.335
7/17/2016 2:12,0.75,7/17/2016 2:12,0.36
7/17/2016 2:18,0.75,7/17/2016 2:18,0.38
7/17/2016 2:24,0.75,7/17/2016 2:24,0.408
7/17/2016 2:30,0.75,7/17/2016 2:30,0.436
7/17/2016 2:36,0.75,7/17/2016 2:36,0.465
7/17/2016 2:42,0.75,7/17/2016 2:42,0.504
7/17/2016 2:48,0.75,7/17/2016 2:48,0.541
7/17/2016 2:54,0.75,7/17/2016 2:54,0.561
7/17/2016 3:00,0.74,7/17/2016 3:00,0.595
7/17/2016 3:06,0.74,7/17/2016 3:06,0.622
7/17/2016 3:12,0.74,7/17/2016 3:12,0.662
7/17/2016 3:18,0.74,7/17/2016 3:18,0.696
7/17/2016 3:24,0.74,7/17/2016 3:24,0.732
7/17/2016 3:30,0.74,7/17/2016 3:30,0.764
7/17/2016 3:36,0.74,7/17/2016 3:36,0.805
7/17/2016 3:42,0.74,7/17/2016 3:42,0.845
7/17/2016 3:48,0.74,7/17/2016 3:48,0.881
7/17/2016 3:54,0.73,7/17/2016 3:54,0.93
7/17/2016 4:00,0.73,7/17/2016 4:00,0.977
7/17/2016 4:06,0.73,7/17/2016 4:06,1.015
7/17/2016 4:12,0.73,7/17/2016 4:12,1.046
7/17/2016 4:18,0.73,7/17/2016 4:18,1.07
7/17/2016 4:24,0.73,7/17/2016 4:24,1.092
7/17/2016 4:30,0.73,7/17/2016 4:30,1.113
7/17/2016 4:36,0.73,7/17/2016 4:36,1.149
7/17/2016 4:42,0.73,7/17/2016 4:42,1.169
7/17/2016 4:48,0.73,7/17/2016 4:48,1.188
7/17/2016 4:54,0.73,7/17/2016 4:54,1.219
7/17/2016 5:00,0.73,7/17/2016 5:00,1.238
7/17/2016 5:06,0.73,7/17/2016 5:06,1.254
7/17/2016 5:12,0.73,7/17/2016 5:12,1.267
7/17/2016 5:18,0.74,7/17/2016 5:18,1.282
7/17/2016 5:24,0.76,7/17/2016 5:24,1.313
7/17/2016 5:30,0.78,7/17/2016 5:30,1.325
7/17/2016 5:36,0.8,7/17/2016 5:36,1.348
7/17/2016 5:42,0.82,7/17/2016 5:42,1.366
7/17/2016 5:48,0.84,7/17/2016 5:48,1.382
7/17/2016 5:54,0.86,7/17/2016 5:54,1.392
7/17/2016 6:00,0.88,7/17/2016 6:00,1.4
7/17/2016 6:06,0.9,7/17/2016 6:06,1.411
7/17/2016 6:12,0.92,7/17/2016 6:12,1.422
7/17/2016 6:18,0.93,7/17/2016 6:18,1.43
7/17/2016 6:24,0.95,7/17/2016 6:24,1.438
7/17/2016 6:30,0.96,7/17/2016 6:30,1.446
7/17/2016 6:36,0.97,7/17/2016 6:36,1.452
7/17/2016 6:42,0.98,7/17/2016 6:42,1.458
7/17/2016 6:48,0.99,7/17/2016 6:48,1.458
7/17/2016 6:54,1,7/17/2016 6:54,1.451
7/17/2016 7:00,1,7/17/2016 7:00,1.445
7/17/2016 7:06,1.01,7/17/2016 7:06,1.435
7/17/2016 7:12,1.01,7/17/2016 7:12,1.422
7/17/2016 7:18,1,7/17/2016 7:18,1.408
7/17/2016 7:24,0.99,7/17/2016 7:24,1.397
7/17/2016 7:30,0.99,7/17/2016 7:30,1.388
7/17/2016 7:36,0.98,7/17/2016 7:36,1.372
7/17/2016 7:42,0.96,7/17/2016 7:42,1.359
7/17/2016 7:48,0.95,7/17/2016 7:48,1.343
7/17/2016 7:54,0.93,7/17/2016 7:54,1.328
7/17/2016 8:00,0.92,7/17/2016 8:00,1.309
7/17/2016 8:06,0.9,7/17/2016 8:06,1.289
7/17/2016 8:12,0.88,7/17/2016 8:12,1.272
7/17/2016 8:18,0.86,7/17/2016 8:18,1.248
7/17/2016 8:24,0.85,7/17/2016 8:24,1.227
7/17/2016 8:30,0.83,7/17/2016 8:30,1.195
7/17/2016 8:36,0.81,7/17/2016 8:36,1.157
7/17/2016 8:42,0.79,7/17/2016 8:42,1.12
7/17/2016 8:48,0.77,7/17/2016 8:48,1.093
7/17/2016 8:54,0.76,7/17/2016 8:54,1.061
7/17/2016 9:00,0.76,7/17/2016 9:00,1.005
7/17/2016 9:06,0.76,7/17/2016 9:06,0.979
7/17/2016 9:12,0.76,7/17/2016 9:12,0.943
7/17/2016 9:18,0.76,7/17/2016 9:18,0.916
7/17/2016 9:24,0.76,7/17/2016 9:24,0.873
7/17/2016 9:30,0.76,7/17/2016 9:30,0.83
7/17/2016 9:36,0.75,7/17/2016 9:36,0.794
7/17/2016 9:42,0.75,7/17/2016 9:42,0.745
7/17/2016 9:48,0.75,7/17/2016 9:48,0.699
7/17/2016 9:54,0.76,7/17/2016 9:54,0.663
7/17/2016 10:00,0.75,7/17/2016 10:00,0.62
7/17/2016 10:06,0.76,7/17/2016 10:06,0.582
7/17/2016 10:12,0.76,7/17/2016 10:12,0.538
7/17/2016 10:18,0.75,7/17/2016 10:18,0.494
7/17/2016 10:24,0.76,7/17/2016 10:24,0.455
7/17/2016 10:30,0.76,7/17/2016 10:30,0.42
7/17/2016 10:36,0.76,7/17/2016 10:36,0.385
7/17/2016 10:42,0.75,7/17/2016 10:42,0.354
7/17/2016 10:48,0.76,7/17/2016 10:48,0.324
7/17/2016 10:54,0.76,7/17/2016 10:54,0.296
7/17/2016 11:00,0.76,7/17/2016 11:00,0.272
7/17/2016 11:06,0.76,7/17/2016 11:06,0.245
7/17/2016 11:12,0.76,7/17/2016 11:12,0.218
7/17/2016 11:18,0.76,7/17/2016 11:18,0.197
7/17/2016 11:24,0.76,7/17/2016 11:24,0.179
7/17/2016 11:30,0.76,7/17/2016 11:30,0.155
7/17/2016 11:36,0.76,7/17/2016 11:36,0.132
7/17/2016 11:42,0.76,7/17/2016 11:42,0.116
7/17/2016 11:48,0.76,7/17/2016 11:48,0.102
7/17/2016 11:54,0.76,7/17/2016 11:54,0.087
7/17/2016 12:00,0.76,7/17/2016 12:00,0.076
7/17/2016 12:06,0.76,7/17/2016 12:06,0.067
7/17/2016 12:12,0.76,7/17/2016 12:12,0.06
7/17/2016 12:18,0.76,7/17/2016 12:18,0.056
7/17/2016 12:24,0.77,7/17/2016 12:24,0.059
7/17/2016 12:30,0.76,7/17/2016 12:30,0.057
7/17/2016 12:36,0.76,7/17/2016 12:36,0.057
7/17/2016 12:42,0.77,7/17/2016 12:42,0.059
7/17/2016 12:48,0.77,7/17/2016 12:48,0.068
7/17/2016 12:54,0.77,7/17/2016 12:54,0.08
7/17/2016 13:00,0.76,7/17/2016 13:00,0.087
7/17/2016 13:06,0.76,7/17/2016 13:06,0.097
7/17/2016 13:12,0.76,7/17/2016 13:12,0.101
7/17/2016 13:18,0.76,7/17/2016 13:18,0.112
7/17/2016 13:24,0.77,7/17/2016 13:24,0.121
7/17/2016 13:30,0.77,7/17/2016 13:30,0.133
7/17/2016 13:36,0.76,7/17/2016 13:36,0.144
7/17/2016 13:42,0.76,7/17/2016 13:42,0.164
7/17/2016 13:48,0.76,7/17/2016 13:48,0.185
7/17/2016 13:54,0.76,7/17/2016 13:54,0.214
7/17/2016 14:00,0.76,7/17/2016 14:00,0.242
7/17/2016 14:06,0.76,7/17/2016 14:06,0.269
7/17/2016 14:12,0.76,7/17/2016 14:12,0.295
7/17/2016 14:18,0.77,7/17/2016 14:18,0.326
7/17/2016 14:24,0.77,7/17/2016 14:24,0.363
7/17/2016 14:30,0.77,7/17/2016 14:30,0.397
7/17/2016 14:36,0.77,7/17/2016 14:36,0.435
7/17/2016 14:42,0.77,7/17/2016 14:42,0.473
7/17/2016 14:48,0.77,7/17/2016 14:48,0.516
7/17/2016 14:54,0.77,7/17/2016 14:54,0.555
7/17/2016 15:00,0.77,7/17/2016 15:00,0.596
7/17/2016 15:06,0.77,7/17/2016 15:06,0.639
7/17/2016 15:12,0.77,7/17/2016 15:12,0.68
7/17/2016 15:18,0.77,7/17/2016 15:18,0.719
7/17/2016 15:24,0.77,7/17/2016 15:24,0.761
7/17/2016 15:30,0.77,7/17/2016 15:30,0.805
7/17/2016 15:36,0.77,7/17/2016 15:36,0.842
7/17/2016 15:42,0.77,7/17/2016 15:42,0.883
7/17/2016 15:48,0.78,7/17/2016 15:48,0.925
7/17/2016 15:54,0.77,7/17/2016 15:54,0.972
7/17/2016 16:00,0.78,7/17/2016 16:00,1.016
7/17/2016 16:06,0.78,7/17/2016 16:06,1.063
7/17/2016 16:12,0.78,7/17/2016 16:12,1.107
7/17/2016 16:18,0.78,7/17/2016 16:18,1.151
7/17/2016 16:24,0.78,7/17/2016 16:24,1.192
7/17/2016 16:30,0.78,7/17/2016 16:30,1.229
7/17/2016 16:36,0.78,7/17/2016 16:36,1.265
7/17/2016 16:42,0.77,7/17/2016 16:42,1.302
7/17/2016 16:48,0.77,7/17/2016 16:48,1.333
7/17/2016 16:54,0.79,7/17/2016 16:54,1.36
7/17/2016 17:00,0.81,7/17/2016 17:00,1.385
7/17/2016 17:06,0.84,7/17/2016 17:06,1.409
7/17/2016 17:12,0.87,7/17/2016 17:12,1.434
7/17/2016 17:18,0.89,7/17/2016 17:18,1.463
7/17/2016 17:24,0.91,7/17/2016 17:24,1.484
7/17/2016 17:30,0.94,7/17/2016 17:30,1.504
7/17/2016 17:36,0.97,7/17/2016 17:36,1.524
7/17/2016 17:42,0.98,7/17/2016 17:42,1.543
7/17/2016 17:48,1.01,7/17/2016 17:48,1.568
7/17/2016 17:54,1.04,7/17/2016 17:54,1.593
7/17/2016 18:00,1.07,7/17/2016 18:00,1.624
7/17/2016 18:06,1.09,7/17/2016 18:06,1.638
7/17/2016 18:12,1.11,7/17/2016 18:12,1.646
7/17/2016 18:18,1.14,7/17/2016 18:18,1.678
7/17/2016 18:24,1.16,7/17/2016 18:24,1.692
7/17/2016 18:30,1.18,7/17/2016 18:30,1.699
7/17/2016 18:36,1.2,7/17/2016 18:36,1.701
7/17/2016 18:42,1.22,7/17/2016 18:42,1.706
7/17/2016 18:48,1.24,7/17/2016 18:48,1.718
7/17/2016 18:54,1.25,7/17/2016 18:54,1.726
7/17/2016 19:00,1.27,7/17/2016 19:00,1.732
7/17/2016 19:06,1.28,7/17/2016 19:06,1.732
7/17/2016 19:12,1.29,7/17/2016 19:12,1.737
7/17/2016 19:18,1.31,7/17/2016 19:18,1.742
7/17/2016 19:24,1.31,7/17/2016 19:24,1.744
7/17/2016 19:30,1.32,7/17/2016 19:30,1.742
7/17/2016 19:36,1.32,7/17/2016 19:36,1.743
7/17/2016 19:42,1.33,7/17/2016 19:42,1.745
7/17/2016 19:48,1.33,7/17/2016 19:48,1.74
7/17/2016 19:54,1.32,7/17/2016 19:54,1.732
7/17/2016 20:00,1.32,7/17/2016 20:00,1.729
7/17/2016 20:06,1.31,7/17/2016 20:06,1.716
7/17/2016 20:12,1.3,7/17/2016 20:12,1.705
7/17/2016 20:18,1.28,7/17/2016 20:18,1.689
7/17/2016 20:24,1.27,7/17/2016 20:24,1.666
7/17/2016 20:30,1.25,7/17/2016 20:30,1.644
7/17/2016 20:36,1.23,7/17/2016 20:36,1.613
7/17/2016 20:42,1.2,7/17/2016 20:42,1.575
7/17/2016 20:48,1.19,7/17/2016 20:48,1.546
7/17/2016 20:54,1.16,7/17/2016 20:54,1.509
7/17/2016 21:00,1.14,7/17/2016 21:00,1.48
7/17/2016 21:06,1.11,7/17/2016 21:06,1.448
7/17/2016 21:12,1.08,7/17/2016 21:12,1.417
7/17/2016 21:18,1.06,7/17/2016 21:18,1.383
7/17/2016 21:24,1.03,7/17/2016 21:24,1.346
7/17/2016 21:30,1.01,7/17/2016 21:30,1.307
7/17/2016 21:36,0.98,7/17/2016 21:36,1.269
7/17/2016 21:42,0.95,7/17/2016 21:42,1.225
7/17/2016 21:48,0.93,7/17/2016 21:48,1.184
7/17/2016 21:54,0.91,7/17/2016 21:54,1.147
7/17/2016 22:00,0.89,7/17/2016 22:00,1.109
7/17/2016 22:06,0.87,7/17/2016 22:06,1.069
7/17/2016 22:12,0.84,7/17/2016 22:12,1.025
7/17/2016 22:18,0.82,7/17/2016 22:18,0.976
7/17/2016 22:24,0.8,7/17/2016 22:24,0.926
7/17/2016 22:30,0.79,7/17/2016 22:30,0.876
7/17/2016 22:36,0.79,7/17/2016 22:36,0.83
7/17/2016 22:42,0.78,7/17/2016 22:42,0.781
7/17/2016 22:48,0.78,7/17/2016 22:48,0.734
7/17/2016 22:54,0.78,7/17/2016 22:54,0.689
7/17/2016 23:00,0.78,7/17/2016 23:00,0.646
7/17/2016 23:06,0.78,7/17/2016 23:06,0.603
7/17/2016 23:12,0.78,7/17/2016 23:12,0.563
7/17/2016 23:18,0.78,7/17/2016 23:18,0.526
7/17/2016 23:24,0.77,7/17/2016 23:24,0.493
7/17/2016 23:30,0.77,7/17/2016 23:30,0.457
7/17/2016 23:36,0.77,7/17/2016 23:36,0.431
7/17/2016 23:42,0.77,7/17/2016 23:42,0.404
7/17/2016 23:48,0.77,7/17/2016 23:48,0.355
7/17/2016 23:54,0.77,7/17/2016 23:54,0.343
7/18/2016,0.77,7/18/2016 0:00,0.306
7/18/2016 0:06,0.77,7/18/2016 0:06,0.271
7/18/2016 0:12,0.77,7/18/2016 0:12,0.232
7/18/2016 0:18,0.77,7/18/2016 0:18,0.215
7/18/2016 0:24,0.77,7/18/2016 0:24,0.184
7/18/2016 0:30,0.77,7/18/2016 0:30,0.163
7/18/2016 0:36,0.77,7/18/2016 0:36,0.144
7/18/2016 0:42,0.77,7/18/2016 0:42,0.127
7/18/2016 0:48,0.77,7/18/2016 0:48,0.116
7/18/2016 0:54,0.77,7/18/2016 0:54,0.102
7/18/2016 1:00,0.77,7/18/2016 1:00,0.092
7/18/2016 1:06,0.77,7/18/2016 1:06,0.088
7/18/2016 1:12,0.77,7/18/2016 1:12,0.087
7/18/2016 1:18,0.77,7/18/2016 1:18,0.091
7/18/2016 1:24,0.77,7/18/2016 1:24,0.097
7/18/2016 1:30,0.77,7/18/2016 1:30,0.11
7/18/2016 1:36,0.77,7/18/2016 1:36,0.118
7/18/2016 1:42,0.77,7/18/2016 1:42,0.125
7/18/2016 1:48,0.77,7/18/2016 1:48,0.133
7/18/2016 1:54,0.77,7/18/2016 1:54,0.142
7/18/2016 2:00,0.77,7/18/2016 2:00,0.15
7/18/2016 2:06,0.77,7/18/2016 2:06,0.161
7/18/2016 2:12,0.77,7/18/2016 2:12,0.178
7/18/2016 2:18,0.77,7/18/2016 2:18,0.196
7/18/2016 2:24,0.77,7/18/2016 2:24,0.213
7/18/2016 2:30,0.77,7/18/2016 2:30,0.237
7/18/2016 2:36,0.77,7/18/2016 2:36,0.264
7/18/2016 2:42,0.77,7/18/2016 2:42,0.294
7/18/2016 2:48,0.77,7/18/2016 2:48,0.323
7/18/2016 2:54,0.77,7/18/2016 2:54,0.349
7/18/2016 3:00,0.77,7/18/2016 3:00,0.38
7/18/2016 3:06,0.77,7/18/2016 3:06,0.414
7/18/2016 3:12,0.76,7/18/2016 3:12,0.453
7/18/2016 3:18,0.76,7/18/2016 3:18,0.491
7/18/2016 3:24,0.76,7/18/2016 3:24,0.534
7/18/2016 3:30,0.76,7/18/2016 3:30,0.577
7/18/2016 3:36,0.76,7/18/2016 3:36,0.623
7/18/2016 3:42,0.76,7/18/2016 3:42,0.66
7/18/2016 3:48,0.76,7/18/2016 3:48,0.647
7/18/2016 3:54,0.76,7/18/2016 3:54,0.731
7/18/2016 4:00,0.76,7/18/2016 4:00,0.761
7/18/2016 4:06,0.76,7/18/2016 4:06,0.805
7/18/2016 4:12,0.76,7/18/2016 4:12,0.837
7/18/2016 4:18,0.76,7/18/2016 4:18,0.871
7/18/2016 4:24,0.76,7/18/2016 4:24,0.927
7/18/2016 4:30,0.76,7/18/2016 4:30,0.94
7/18/2016 4:36,0.76,7/18/2016 4:36,0.975
7/18/2016 4:42,0.76,7/18/2016 4:42,1.004
7/18/2016 4:48,0.76,7/18/2016 4:48,1.029
7/18/2016 4:54,0.76,7/18/2016 4:54,1.067
7/18/2016 5:00,0.76,7/18/2016 5:00,1.088
7/18/2016 5:06,0.76,7/18/2016 5:06,1.131
7/18/2016 5:12,0.76,7/18/2016 5:12,1.172
7/18/2016 5:18,0.76,7/18/2016 5:18,1.203
7/18/2016 5:24,0.76,7/18/2016 5:24,1.233
7/18/2016 5:30,0.76,7/18/2016 5:30,1.252
7/18/2016 5:36,0.76,7/18/2016 5:36,1.282
7/18/2016 5:42,0.76,7/18/2016 5:42,1.303
7/18/2016 5:48,0.77,7/18/2016 5:48,1.331
7/18/2016 5:54,0.79,7/18/2016 5:54,1.352
7/18/2016 6:00,0.81,7/18/2016 6:00,1.354
7/18/2016 6:06,0.83,7/18/2016 6:06,1.378
7/18/2016 6:12,0.85,7/18/2016 6:12,1.386
7/18/2016 6:18,0.88,7/18/2016 6:18,1.414
7/18/2016 6:24,0.9,7/18/2016 6:24,1.417
7/18/2016 6:30,0.92,7/18/2016 6:30,1.429
7/18/2016 6:36,0.94,7/18/2016 6:36,1.441
7/18/2016 6:42,0.96,7/18/2016 6:42,1.452
7/18/2016 6:48,0.98,7/18/2016 6:48,1.454
7/18/2016 6:54,0.99,7/18/2016 6:54,1.454
7/18/2016 7:00,1.01,7/18/2016 7:00,1.464
7/18/2016 7:06,1.02,7/18/2016 7:06,1.466
7/18/2016 7:12,1.02,7/18/2016 7:12,1.469
7/18/2016 7:18,1.04,7/18/2016 7:18,1.467
7/18/2016 7:24,1.05,7/18/2016 7:24,1.468
7/18/2016 7:30,1.05,7/18/2016 7:30,1.465
7/18/2016 7:36,1.05,7/18/2016 7:36,1.466
7/18/2016 7:42,1.05,7/18/2016 7:42,1.462
7/18/2016 7:48,1.05,7/18/2016 7:48,1.447
7/18/2016 7:54,1.05,7/18/2016 7:54,1.438
7/18/2016 8:00,1.04,7/18/2016 8:00,1.432
7/18/2016 8:06,1.03,7/18/2016 8:06,1.42
7/18/2016 8:12,1.02,7/18/2016 8:12,1.398
7/18/2016 8:18,1.01,7/18/2016 8:18,1.374
7/18/2016 8:24,0.99,7/18/2016 8:24,1.355
7/18/2016 8:30,0.98,7/18/2016 8:30,1.342
7/18/2016 8:36,0.96,7/18/2016 8:36,1.32
7/18/2016 8:42,0.94,7/18/2016 8:42,1.299
7/18/2016 8:48,0.92,7/18/2016 8:48,1.279
7/18/2016 8:54,0.9,7/18/2016 8:54,1.257
7/18/2016 9:00,0.88,7/18/2016 9:00,1.23
7/18/2016 9:06,0.86,7/18/2016 9:06,1.206
7/18/2016 9:12,0.84,7/18/2016 9:12,1.181
7/18/2016 9:18,0.83,7/18/2016 9:18,1.145
7/18/2016 9:24,0.81,7/18/2016 9:24,1.119
7/18/2016 9:30,0.79,7/18/2016 9:30,1.085
7/18/2016 9:36,0.78,7/18/2016 9:36,1.047
7/18/2016 9:42,0.78,7/18/2016 9:42,1.004
7/18/2016 9:48,0.78,7/18/2016 9:48,0.965
7/18/2016 9:54,0.78,7/18/2016 9:54,0.929
7/18/2016 10:00,0.78,7/18/2016 10:00,0.896
7/18/2016 10:06,0.78,7/18/2016 10:06,0.856
7/18/2016 10:12,0.78,7/18/2016 10:12,0.811
7/18/2016 10:18,0.78,7/18/2016 10:18,0.776
7/18/2016 10:24,0.78,7/18/2016 10:24,0.739
7/18/2016 10:30,0.78,7/18/2016 10:30,0.698
7/18/2016 10:36,0.78,7/18/2016 10:36,0.663
7/18/2016 10:42,0.78,7/18/2016 10:42,0.623
7/18/2016 10:48,0.78,7/18/2016 10:48,0.581
7/18/2016 10:54,0.78,7/18/2016 10:54,0.535
7/18/2016 11:00,0.78,7/18/2016 11:00,0.494
7/18/2016 11:06,0.78,7/18/2016 11:06,0.451
7/18/2016 11:12,0.78,7/18/2016 11:12,0.413
7/18/2016 11:18,0.78,7/18/2016 11:18,0.375
7/18/2016 11:24,0.78,7/18/2016 11:24,0.335
7/18/2016 11:30,0.78,7/18/2016 11:30,0.306
7/18/2016 11:36,0.78,7/18/2016 11:36,0.271
7/18/2016 11:42,0.78,7/18/2016 11:42,0.243
7/18/2016 11:48,0.78,7/18/2016 11:48,0.217
7/18/2016 11:54,0.78,7/18/2016 11:54,0.192
7/18/2016 12:00,0.79,7/18/2016 12:00,0.171
7/18/2016 12:06,0.79,7/18/2016 12:06,0.151
7/18/2016 12:12,0.79,7/18/2016 12:12,0.125
7/18/2016 12:18,0.78,7/18/2016 12:18,0.097
7/18/2016 12:24,0.78,7/18/2016 12:24,0.074
7/18/2016 12:30,0.78,7/18/2016 12:30,0.054
7/18/2016 12:36,0.78,7/18/2016 12:36,0.03
7/18/2016 12:42,0.78,7/18/2016 12:42,0.012
7/18/2016 12:48,0.78,7/18/2016 12:48,0
7/18/2016 12:54,0.78,7/18/2016 12:54,-0.012
7/18/2016 13:00,0.78,7/18/2016 13:00,-0.021
7/18/2016 13:06,0.78,7/18/2016 13:06,-0.027
7/18/2016 13:12,0.79,7/18/2016 13:12,-0.036
7/18/2016 13:18,0.78,7/18/2016 13:18,-0.044
7/18/2016 13:24,0.78,7/18/2016 13:24,-0.042
7/18/2016 13:30,0.78,7/18/2016 13:30,-0.043
7/18/2016 13:36,0.78,7/18/2016 13:36,-0.042
7/18/2016 13:42,0.78,7/18/2016 13:42,-0.041
7/18/2016 13:48,0.78,7/18/2016 13:48,-0.036
7/18/2016 13:54,0.78,7/18/2016 13:54,-0.028
7/18/2016 14:00,0.77,7/18/2016 14:00,-0.013
7/18/2016 14:06,0.77,7/18/2016 14:06,0.008
7/18/2016 14:12,0.77,7/18/2016 14:12,0.028
7/18/2016 14:18,0.77,7/18/2016 14:18,0.043
7/18/2016 14:24,0.77,7/18/2016 14:24,0.068
7/18/2016 14:30,0.77,7/18/2016 14:30,0.1
7/18/2016 14:36,0.77,7/18/2016 14:36,0.13
7/18/2016 14:42,0.77,7/18/2016 14:42,0.164
7/18/2016 14:48,0.77,7/18/2016 14:48,0.204
7/18/2016 14:54,0.77,7/18/2016 14:54,0.241
7/18/2016 15:00,0.77,7/18/2016 15:00,0.273
7/18/2016 15:06,0.76,7/18/2016 15:06,0.306
7/18/2016 15:12,0.76,7/18/2016 15:12,0.337
7/18/2016 15:18,0.76,7/18/2016 15:18,0.379
7/18/2016 15:24,0.76,7/18/2016 15:24,0.415
7/18/2016 15:30,0.76,7/18/2016 15:30,0.457
7/18/2016 15:36,0.76,7/18/2016 15:36,0.498
7/18/2016 15:42,0.76,7/18/2016 15:42,0.547
7/18/2016 15:48,0.76,7/18/2016 15:48,0.587
7/18/2016 15:54,0.76,7/18/2016 15:54,0.631
7/18/2016 16:00,0.76,7/18/2016 16:00,0.679
7/18/2016 16:06,0.76,7/18/2016 16:06,0.734
7/18/2016 16:12,0.76,7/18/2016 16:12,0.785
7/18/2016 16:18,0.76,7/18/2016 16:18,0.837
7/18/2016 16:24,0.76,7/18/2016 16:24,0.888
7/18/2016 16:30,0.76,7/18/2016 16:30,0.936
7/18/2016 16:36,0.76,7/18/2016 16:36,0.983
7/18/2016 16:42,0.76,7/18/2016 16:42,1.034
7/18/2016 16:48,0.76,7/18/2016 16:48,1.084
7/18/2016 16:54,0.75,7/18/2016 16:54,1.131
7/18/2016 17:00,0.75,7/18/2016 17:00,1.177
7/18/2016 17:06,0.75,7/18/2016 17:06,1.22
7/18/2016 17:12,0.75,7/18/2016 17:12,1.263
7/18/2016 17:18,0.75,7/18/2016 17:18,1.3
7/18/2016 17:24,0.75,7/18/2016 17:24,1.322
7/18/2016 17:30,0.75,7/18/2016 17:30,1.374
7/18/2016 17:36,0.79,7/18/2016 17:36,1.413
7/18/2016 17:42,0.82,7/18/2016 17:42,1.438
7/18/2016 17:48,0.84,7/18/2016 17:48,1.464
7/18/2016 17:54,0.87,7/18/2016 17:54,1.489
7/18/2016 18:00,0.9,7/18/2016 18:00,1.511
7/18/2016 18:06,0.92,7/18/2016 18:06,1.537
7/18/2016 18:12,0.96,7/18/2016 18:12,1.559
7/18/2016 18:18,0.99,7/18/2016 18:18,1.587
7/18/2016 18:24,1.03,7/18/2016 18:24,1.626
7/18/2016 18:30,1.06,7/18/2016 18:30,1.654
7/18/2016 18:36,1.09,7/18/2016 18:36,1.678
7/18/2016 18:42,1.12,7/18/2016 18:42,1.692
7/18/2016 18:48,1.15,7/18/2016 18:48,1.714
7/18/2016 18:54,1.17,7/18/2016 18:54,1.744
7/18/2016 19:00,1.2,7/18/2016 19:00,1.74
7/18/2016 19:06,1.22,7/18/2016 19:06,1.744
7/18/2016 19:12,1.24,7/18/2016 19:12,1.746
7/18/2016 19:18,1.26,7/18/2016 19:18,1.746
7/18/2016 19:24,1.28,7/18/2016 19:24,1.759
7/18/2016 19:30,1.3,7/18/2016 19:30,1.768
7/18/2016 19:36,1.31,7/18/2016 19:36,1.78
7/18/2016 19:42,1.33,7/18/2016 19:42,1.787
7/18/2016 19:48,1.34,7/18/2016 19:48,1.79
7/18/2016 19:54,1.35,7/18/2016 19:54,1.796
7/18/2016 20:00,1.36,7/18/2016 20:00,1.79
7/18/2016 20:06,1.37,7/18/2016 20:06,1.791
7/18/2016 20:12,1.38,7/18/2016 20:12,1.786
7/18/2016 20:18,1.38,7/18/2016 20:18,1.78
7/18/2016 20:24,1.38,7/18/2016 20:24,1.775
7/18/2016 20:30,1.37,7/18/2016 20:30,1.768
7/18/2016 20:36,1.36,7/18/2016 20:36,1.749
7/18/2016 20:42,1.35,7/18/2016 20:42,1.731
7/18/2016 20:48,1.34,7/18/2016 20:48,1.714
7/18/2016 20:54,1.32,7/18/2016 20:54,1.702
7/18/2016 21:00,1.3,7/18/2016 21:00,1.681
7/18/2016 21:06,1.28,7/18/2016 21:06,1.655
7/18/2016 21:12,1.25,7/18/2016 21:12,1.633
7/18/2016 21:18,1.23,7/18/2016 21:18,1.611
7/18/2016 21:24,1.2,7/18/2016 21:24,1.581
7/18/2016 21:30,1.18,7/18/2016 21:30,1.56
7/18/2016 21:36,1.15,7/18/2016 21:36,1.54
7/18/2016 21:42,1.13,7/18/2016 21:42,1.505
7/18/2016 21:48,1.1,7/18/2016 21:48,1.468
7/18/2016 21:54,1.08,7/18/2016 21:54,1.428
7/18/2016 22:00,1.05,7/18/2016 22:00,1.384
7/18/2016 22:06,1.02,7/18/2016 22:06,1.337
7/18/2016 22:12,0.99,7/18/2016 22:12,1.29
7/18/2016 22:18,0.96,7/18/2016 22:18,1.253
7/18/2016 22:24,0.94,7/18/2016 22:24,1.22
7/18/2016 22:30,0.91,7/18/2016 22:30,1.181
7/18/2016 22:36,0.89,7/18/2016 22:36,1.141
7/18/2016 22:42,0.86,7/18/2016 22:42,1.099
7/18/2016 22:48,0.83,7/18/2016 22:48,1.06
7/18/2016 22:54,0.81,7/18/2016 22:54,1.007
7/18/2016 23:00,0.79,7/18/2016 23:00,0.975
7/18/2016 23:06,0.77,7/18/2016 23:06,0.935
7/18/2016 23:12,0.76,7/18/2016 23:12,0.895
7/18/2016 23:18,0.76,7/18/2016 23:18,0.847
7/18/2016 23:24,0.75,7/18/2016 23:24,0.802
7/18/2016 23:30,0.75,7/18/2016 23:30,0.757
7/18/2016 23:36,0.75,7/18/2016 23:36,0.714
7/18/2016 23:42,0.75,7/18/2016 23:42,0.671
7/18/2016 23:48,0.75,7/18/2016 23:48,0.621
7/18/2016 23:54,0.75,7/18/2016 23:54,0.576
7/19/2016,0.75,7/19/2016 0:00,0.531
7/19/2016 0:06,0.75,7/19/2016 0:06,0.491
7/19/2016 0:12,0.75,7/19/2016 0:12,0.453
7/19/2016 0:18,0.75,7/19/2016 0:18,0.417
7/19/2016 0:24,0.75,7/19/2016 0:24,0.382
7/19/2016 0:30,0.75,7/19/2016 0:30,0.344
7/19/2016 0:36,0.75,7/19/2016 0:36,0.309
7/19/2016 0:42,0.75,7/19/2016 0:42,0.278
7/19/2016 0:48,0.75,7/19/2016 0:48,0.248
7/19/2016 0:54,0.75,7/19/2016 0:54,0.22
7/19/2016 1:00,0.75,7/19/2016 1:00,0.195
7/19/2016 1:06,0.75,7/19/2016 1:06,0.171
7/19/2016 1:12,0.75,7/19/2016 1:12,0.146
7/19/2016 1:18,0.75,7/19/2016 1:18,0.12
7/19/2016 1:24,0.75,7/19/2016 1:24,0.092
7/19/2016 1:30,0.75,7/19/2016 1:30,0.067
7/19/2016 1:36,0.75,7/19/2016 1:36,0.05
7/19/2016 1:42,0.75,7/19/2016 1:42,0.033
7/19/2016 1:48,0.75,7/19/2016 1:48,0.019
7/19/2016 1:54,0.75,7/19/2016 1:54,0.009
7/19/2016 2:00,0.74,7/19/2016 2:00,0
7/19/2016 2:06,0.75,7/19/2016 2:06,-0.004
7/19/2016 2:12,0.74,7/19/2016 2:12,-0.007
7/19/2016 2:18,0.75,7/19/2016 2:18,-0.011
7/19/2016 2:24,0.75,7/19/2016 2:24,-0.009
7/19/2016 2:30,0.74,7/19/2016 2:30,0.004
7/19/2016 2:36,0.74,7/19/2016 2:36,0.017
7/19/2016 2:42,0.74,7/19/2016 2:42,0.03
7/19/2016 2:48,0.75,7/19/2016 2:48,0.04
7/19/2016 2:54,0.74,7/19/2016 2:54,0.057
7/19/2016 3:00,0.74,7/19/2016 3:00,0.078
7/19/2016 3:06,0.74,7/19/2016 3:06,0.1
7/19/2016 3:12,0.74,7/19/2016 3:12,0.129
7/19/2016 3:18,0.74,7/19/2016 3:18,0.151
7/19/2016 3:24,0.74,7/19/2016 3:24,0.177
7/19/2016 3:30,0.74,7/19/2016 3:30,0.204
7/19/2016 3:36,0.74,7/19/2016 3:36,0.235
7/19/2016 3:42,0.74,7/19/2016 3:42,0.274
7/19/2016 3:48,0.74,7/19/2016 3:48,0.309
7/19/2016 3:54,0.74,7/19/2016 3:54,0.35
7/19/2016 4:00,0.74,7/19/2016 4:00,0.392
7/19/2016 4:06,0.74,7/19/2016 4:06,0.439
7/19/2016 4:12,0.74,7/19/2016 4:12,0.485
7/19/2016 4:18,0.74,7/19/2016 4:18,0.527
7/19/2016 4:24,0.74,7/19/2016 4:24,0.569
7/19/2016 4:30,0.74,7/19/2016 4:30,0.61
7/19/2016 4:36,0.74,7/19/2016 4:36,0.656
7/19/2016 4:42,0.74,7/19/2016 4:42,0.702
7/19/2016 4:48,0.75,7/19/2016 4:48,0.748
7/19/2016 4:54,0.75,7/19/2016 4:54,0.785
7/19/2016 5:00,0.75,7/19/2016 5:00,0.831
7/19/2016 5:06,0.74,7/19/2016 5:06,0.87
7/19/2016 5:12,0.75,7/19/2016 5:12,0.911
7/19/2016 5:18,0.74,7/19/2016 5:18,0.948
7/19/2016 5:24,0.75,7/19/2016 5:24,0.989
7/19/2016 5:30,0.75,7/19/2016 5:30,1.021
7/19/2016 5:36,0.75,7/19/2016 5:36,1.059
7/19/2016 5:42,0.75,7/19/2016 5:42,1.09
7/19/2016 5:48,0.75,7/19/2016 5:48,1.122
7/19/2016 5:54,0.75,7/19/2016 5:54,1.154
7/19/2016 6:00,0.75,7/19/2016 6:00,1.191
7/19/2016 6:06,0.75,7/19/2016 6:06,1.221
7/19/2016 6:12,0.75,7/19/2016 6:12,1.247
7/19/2016 6:18,0.75,7/19/2016 6:18,1.276
7/19/2016 6:24,0.75,7/19/2016 6:24,1.295
7/19/2016 6:30,0.76,7/19/2016 6:30,1.319
7/19/2016 6:36,0.79,7/19/2016 6:36,1.34
7/19/2016 6:42,0.81,7/19/2016 6:42,1.359
7/19/2016 6:48,0.83,7/19/2016 6:48,1.375
7/19/2016 6:54,0.85,7/19/2016 6:54,1.386
7/19/2016 7:00,0.87,7/19/2016 7:00,1.397
7/19/2016 7:06,0.89,7/19/2016 7:06,1.408
7/19/2016 7:12,0.91,7/19/2016 7:12,1.421
7/19/2016 7:18,0.93,7/19/2016 7:18,1.439
7/19/2016 7:24,0.95,7/19/2016 7:24,1.454
7/19/2016 7:30,0.97,7/19/2016 7:30,1.463
7/19/2016 7:36,0.99,7/19/2016 7:36,1.472
7/19/2016 7:42,1.01,7/19/2016 7:42,1.479
7/19/2016 7:48,1.03,7/19/2016 7:48,1.481
7/19/2016 7:54,1.04,7/19/2016 7:54,1.487
7/19/2016 8:00,1.05,7/19/2016 8:00,1.485
7/19/2016 8:06,1.06,7/19/2016 8:06,1.481
7/19/2016 8:12,1.07,7/19/2016 8:12,1.474
7/19/2016 8:18,1.07,7/19/2016 8:18,1.462
7/19/2016 8:24,1.07,7/19/2016 8:24,1.452
7/19/2016 8:30,1.07,7/19/2016 8:30,1.449
7/19/2016 8:36,1.06,7/19/2016 8:36,1.437
7/19/2016 8:42,1.05,7/19/2016 8:42,1.434
7/19/2016 8:48,1.04,7/19/2016 8:48,1.418
7/19/2016 8:54,1.03,7/19/2016 8:54,1.4
7/19/2016 9:00,1.02,7/19/2016 9:00,1.392
7/19/2016 9:06,1,7/19/2016 9:06,1.372
7/19/2016 9:12,0.99,7/19/2016 9:12,1.353
7/19/2016 9:18,0.97,7/19/2016 9:18,1.326
7/19/2016 9:24,0.95,7/19/2016 9:24,1.307
7/19/2016 9:30,0.93,7/19/2016 9:30,1.291
7/19/2016 9:36,0.91,7/19/2016 9:36,1.266
7/19/2016 9:42,0.89,7/19/2016 9:42,1.235
7/19/2016 9:48,0.87,7/19/2016 9:48,1.205
7/19/2016 9:54,0.85,7/19/2016 9:54,1.174
7/19/2016 10:00,0.83,7/19/2016 10:00,1.139
7/19/2016 10:06,0.81,7/19/2016 10:06,1.106
7/19/2016 10:12,0.79,7/19/2016 10:12,1.07
7/19/2016 10:18,0.78,7/19/2016 10:18,1.036
7/19/2016 10:24,0.77,7/19/2016 10:24,1.003
7/19/2016 10:30,0.77,7/19/2016 10:30,0.968
7/19/2016 10:36,0.77,7/19/2016 10:36,0.931
7/19/2016 10:42,0.77,7/19/2016 10:42,0.89
7/19/2016 10:48,0.77,7/19/2016 10:48,0.86
7/19/2016 10:54,0.77,7/19/2016 10:54,0.811
7/19/2016 11:00,0.77,7/19/2016 11:00,0.745
7/19/2016 11:06,0.77,7/19/2016 11:06,0.72
7/19/2016 11:12,0.77,7/19/2016 11:12,0.669
7/19/2016 11:18,0.77,7/19/2016 11:18,0.628
7/19/2016 11:24,0.77,7/19/2016 11:24,0.591
7/19/2016 11:30,0.77,7/19/2016 11:30,0.55
7/19/2016 11:36,0.77,7/19/2016 11:36,0.514
7/19/2016 11:42,0.77,7/19/2016 11:42,0.466
7/19/2016 11:48,0.77,7/19/2016 11:48,0.424
7/19/2016 11:54,0.77,7/19/2016 11:54,0.386
7/19/2016 12:00,0.77,7/19/2016 12:00,0.351
7/19/2016 12:06,0.77,7/19/2016 12:06,0.318
7/19/2016 12:12,0.76,7/19/2016 12:12,0.281
7/19/2016 12:18,0.77,7/19/2016 12:18,0.25
7/19/2016 12:24,0.76,7/19/2016 12:24,0.223
7/19/2016 12:30,0.76,7/19/2016 12:30,0.197
7/19/2016 12:36,0.76,7/19/2016 12:36,0.16
7/19/2016 12:42,0.76,7/19/2016 12:42,0.113
7/19/2016 12:48,0.76,7/19/2016 12:48,0.106
7/19/2016 12:54,0.76,7/19/2016 12:54,0.083
7/19/2016 13:00,0.76,7/19/2016 13:00,0.062
7/19/2016 13:06,0.76,7/19/2016 13:06,0.043
7/19/2016 13:12,0.76,7/19/2016 13:12,0.022
7/19/2016 13:18,0.76,7/19/2016 13:18,0.004
7/19/2016 13:24,0.76,7/19/2016 13:24,-0.014
7/19/2016 13:30,0.76,7/19/2016 13:30,-0.028
7/19/2016 13:36,0.76,7/19/2016 13:36,-0.039
7/19/2016 13:42,0.76,7/19/2016 13:42,-0.043
7/19/2016 13:48,0.75,7/19/2016 13:48,-0.051
7/19/2016 13:54,0.75,7/19/2016 13:54,-0.059
7/19/2016 14:00,0.75,7/19/2016 14:00,-0.064
7/19/2016 14:06,0.75,7/19/2016 14:06,-0.071
7/19/2016 14:12,0.75,7/19/2016 14:12,-0.059
7/19/2016 14:18,0.75,7/19/2016 14:18,-0.049
7/19/2016 14:24,0.75,7/19/2016 14:24,-0.039
7/19/2016 14:30,0.75,7/19/2016 14:30,-0.028
7/19/2016 14:36,0.75,7/19/2016 14:36,-0.016
7/19/2016 14:42,0.75,7/19/2016 14:42,-0.008
7/19/2016 14:48,0.75,7/19/2016 14:48,0.006
7/19/2016 14:54,0.75,7/19/2016 14:54,0.029
7/19/2016 15:00,0.74,7/19/2016 15:00,0.051
7/19/2016 15:06,0.74,7/19/2016 15:06,0.074
7/19/2016 15:12,0.74,7/19/2016 15:12,0.103
7/19/2016 15:18,0.74,7/19/2016 15:18,0.129
7/19/2016 15:24,0.74,7/19/2016 15:24,0.155
7/19/2016 15:30,0.74,7/19/2016 15:30,0.186
7/19/2016 15:36,0.74,7/19/2016 15:36,0.226
7/19/2016 15:42,0.74,7/19/2016 15:42,0.262
7/19/2016 15:48,0.74,7/19/2016 15:48,0.302
7/19/2016 15:54,0.73,7/19/2016 15:54,0.342
7/19/2016 16:00,0.73,7/19/2016 16:00,0.388
7/19/2016 16:06,0.73,7/19/2016 16:06,0.435
7/19/2016 16:12,0.73,7/19/2016 16:12,0.482
7/19/2016 16:18,0.73,7/19/2016 16:18,0.535
7/19/2016 16:24,0.73,7/19/2016 16:24,0.583
7/19/2016 16:30,0.73,7/19/2016 16:30,0.627
7/19/2016 16:36,0.73,7/19/2016 16:36,0.673
7/19/2016 16:42,0.73,7/19/2016 16:42,0.718
7/19/2016 16:48,0.73,7/19/2016 16:48,0.763
7/19/2016 16:54,0.73,7/19/2016 16:54,0.814
7/19/2016 17:00,0.73,7/19/2016 17:00,0.858
7/19/2016 17:06,0.73,7/19/2016 17:06,0.919
7/19/2016 17:12,0.73,7/19/2016 17:12,0.97
7/19/2016 17:18,0.73,7/19/2016 17:18,1.022
7/19/2016 17:24,0.73,7/19/2016 17:24,1.068
7/19/2016 17:30,0.73,7/19/2016 17:30,1.109
7/19/2016 17:36,0.73,7/19/2016 17:36,1.15
7/19/2016 17:42,0.72,7/19/2016 17:42,1.189
7/19/2016 17:48,0.73,7/19/2016 17:48,1.228
7/19/2016 17:54,0.73,7/19/2016 17:54,1.268
7/19/2016 18:00,0.73,7/19/2016 18:00,1.307
7/19/2016 18:06,0.73,7/19/2016 18:06,1.341
7/19/2016 18:12,0.73,7/19/2016 18:12,1.374
7/19/2016 18:18,0.76,7/19/2016 18:18,1.411
7/19/2016 18:24,0.79,7/19/2016 18:24,1.446
7/19/2016 18:30,0.82,7/19/2016 18:30,1.494
7/19/2016 18:36,0.85,7/19/2016 18:36,1.524
7/19/2016 18:42,0.89,7/19/2016 18:42,1.555
7/19/2016 18:48,0.93,7/19/2016 18:48,1.586
7/19/2016 18:54,0.96,7/19/2016 18:54,1.617
7/19/2016 19:00,1,7/19/2016 19:00,1.654
7/19/2016 19:06,1.04,7/19/2016 19:06,1.676
7/19/2016 19:12,1.07,7/19/2016 19:12,1.695
7/19/2016 19:18,1.11,7/19/2016 19:18,1.709
7/19/2016 19:24,1.13,7/19/2016 19:24,1.727
7/19/2016 19:30,1.16,7/19/2016 19:30,1.75
7/19/2016 19:36,1.2,7/19/2016 19:36,1.771
7/19/2016 19:42,1.22,7/19/2016 19:42,1.788
7/19/2016 19:48,1.24,7/19/2016 19:48,1.807
7/19/2016 19:54,1.27,7/19/2016 19:54,1.813
7/19/2016 20:00,1.29,7/19/2016 20:00,1.83
7/19/2016 20:06,1.32,7/19/2016 20:06,1.841
7/19/2016 20:12,1.35,7/19/2016 20:12,1.851
7/19/2016 20:18,1.37,7/19/2016 20:18,1.861
7/19/2016 20:24,1.39,7/19/2016 20:24,1.867
7/19/2016 20:30,1.41,7/19/2016 20:30,1.871
7/19/2016 20:36,1.42,7/19/2016 20:36,1.866
7/19/2016 20:42,1.43,7/19/2016 20:42,1.866
7/19/2016 20:48,1.44,7/19/2016 20:48,1.869
7/19/2016 20:54,1.45,7/19/2016 20:54,1.869
7/19/2016 21:00,1.45,7/19/2016 21:00,1.865
7/19/2016 21:06,1.45,7/19/2016 21:06,1.859
7/19/2016 21:12,1.45,7/19/2016 21:12,1.845
7/19/2016 21:18,1.45,7/19/2016 21:18,1.831
7/19/2016 21:24,1.43,7/19/2016 21:24,1.821
7/19/2016 21:30,1.41,7/19/2016 21:30,1.803
7/19/2016 21:36,1.39,7/19/2016 21:36,1.783
7/19/2016 21:42,1.37,7/19/2016 21:42,1.765
7/19/2016 21:48,1.35,7/19/2016 21:48,1.746
7/19/2016 21:54,1.32,7/19/2016 21:54,1.726
7/19/2016 22:00,1.3,7/19/2016 22:00,1.705
7/19/2016 22:06,1.28,7/19/2016 22:06,1.654
7/19/2016 22:12,1.25,7/19/2016 22:12,1.639
7/19/2016 22:18,1.23,7/19/2016 22:18,1.601
7/19/2016 22:24,1.2,7/19/2016 22:24,1.562
7/19/2016 22:30,1.17,7/19/2016 22:30,1.515
7/19/2016 22:36,1.15,7/19/2016 22:36,1.471
7/19/2016 22:42,1.12,7/19/2016 22:42,1.434
7/19/2016 22:48,1.09,7/19/2016 22:48,1.389
7/19/2016 22:54,1.05,7/19/2016 22:54,1.348
7/19/2016 23:00,1.02,7/19/2016 23:00,1.312
7/19/2016 23:06,0.99,7/19/2016 23:06,1.281
7/19/2016 23:12,0.96,7/19/2016 23:12,1.243
7/19/2016 23:18,0.93,7/19/2016 23:18,1.203
7/19/2016 23:24,0.9,7/19/2016 23:24,1.157
7/19/2016 23:30,0.88,7/19/2016 23:30,1.115
7/19/2016 23:36,0.85,7/19/2016 23:36,1.064
7/19/2016 23:42,0.83,7/19/2016 23:42,1.009
7/19/2016 23:48,0.8,7/19/2016 23:48,0.959
7/19/2016 23:54,0.78,7/19/2016 23:54,0.908
7/20/2016,0.76,7/20/2016 0:00,0.857
7/20/2016 0:06,0.75,7/20/2016 0:06,0.803
7/20/2016 0:12,0.75,7/20/2016 0:12,0.757
7/20/2016 0:18,0.75,7/20/2016 0:18,0.717
7/20/2016 0:24,0.74,7/20/2016 0:24,0.675
7/20/2016 0:30,0.75,7/20/2016 0:30,0.632
7/20/2016 0:36,0.74,7/20/2016 0:36,0.593
7/20/2016 0:42,0.74,7/20/2016 0:42,0.554
7/20/2016 0:48,0.74,7/20/2016 0:48,0.515
7/20/2016 0:54,0.74,7/20/2016 0:54,0.477
7/20/2016 1:00,0.74,7/20/2016 1:00,0.445
7/20/2016 1:06,0.74,7/20/2016 1:06,0.41
7/20/2016 1:12,0.74,7/20/2016 1:12,0.364
7/20/2016 1:18,0.74,7/20/2016 1:18,0.331
7/20/2016 1:24,0.74,7/20/2016 1:24,0.291
7/20/2016 1:30,0.73,7/20/2016 1:30,0.253
7/20/2016 1:36,0.73,7/20/2016 1:36,0.204
7/20/2016 1:42,0.73,7/20/2016 1:42,0.173
7/20/2016 1:48,0.73,7/20/2016 1:48,0.139
7/20/2016 1:54,0.73,7/20/2016 1:54,0.112
7/20/2016 2:00,0.73,7/20/2016 2:00,0.095
7/20/2016 2:06,0.73,7/20/2016 2:06,0.076
7/20/2016 2:12,0.73,7/20/2016 2:12,0.062
7/20/2016 2:18,0.73,7/20/2016 2:18,0.04
7/20/2016 2:24,0.73,7/20/2016 2:24,0.018
7/20/2016 2:30,0.73,7/20/2016 2:30,0.001
7/20/2016 2:36,0.73,7/20/2016 2:36,-0.016
7/20/2016 2:42,0.73,7/20/2016 2:42,-0.026
7/20/2016 2:48,0.73,7/20/2016 2:48,-0.041
7/20/2016 2:54,0.73,7/20/2016 2:54,-0.05
7/20/2016 3:00,0.74,7/20/2016 3:00,-0.061
7/20/2016 3:06,0.73,7/20/2016 3:06,-0.067
7/20/2016 3:12,0.73,7/20/2016 3:12,-0.073
7/20/2016 3:18,0.73,7/20/2016 3:18,-0.077
7/20/2016 3:24,0.73,7/20/2016 3:24,-0.071
7/20/2016 3:30,0.73,7/20/2016 3:30,-0.057
7/20/2016 3:36,0.73,7/20/2016 3:36,-0.033
7/20/2016 3:42,0.73,7/20/2016 3:42,-0.003
7/20/2016 3:48,0.73,7/20/2016 3:48,0.023
7/20/2016 3:54,0.73,7/20/2016 3:54,0.052
7/20/2016 4:00,0.73,7/20/2016 4:00,0.104
7/20/2016 4:06,0.73,7/20/2016 4:06,0.126
7/20/2016 4:12,0.73,7/20/2016 4:12,0.155
7/20/2016 4:18,0.73,7/20/2016 4:18,0.231
7/20/2016 4:24,0.73,7/20/2016 4:24,0.284
7/20/2016 4:30,0.73,7/20/2016 4:30,0.34
7/20/2016 4:36,0.73,7/20/2016 4:36,0.373
7/20/2016 4:42,0.73,7/20/2016 4:42,0.418
7/20/2016 4:48,0.73,7/20/2016 4:48,0.457
7/20/2016 4:54,0.73,7/20/2016 4:54,0.485
7/20/2016 5:00,0.73,7/20/2016 5:00,0.533
7/20/2016 5:06,0.73,7/20/2016 5:06,0.58
7/20/2016 5:12,0.73,7/20/2016 5:12,0.636
7/20/2016 5:18,0.73,7/20/2016 5:18,0.664
7/20/2016 5:24,0.73,7/20/2016 5:24,0.715
7/20/2016 5:30,0.73,7/20/2016 5:30,0.77
7/20/2016 5:36,0.73,7/20/2016 5:36,0.804
7/20/2016 5:42,0.73,7/20/2016 5:42,0.857
7/20/2016 5:48,0.73,7/20/2016 5:48,0.898
7/20/2016 5:54,0.73,7/20/2016 5:54,0.94
7/20/2016 6:00,0.73,7/20/2016 6:00,0.979
7/20/2016 6:06,0.73,7/20/2016 6:06,1.012
7/20/2016 6:12,0.73,7/20/2016 6:12,1.046
7/20/2016 6:18,0.73,7/20/2016 6:18,1.086
7/20/2016 6:24,0.74,7/20/2016 6:24,1.123
7/20/2016 6:30,0.73,7/20/2016 6:30,1.16
7/20/2016 6:36,0.74,7/20/2016 6:36,1.197
7/20/2016 6:42,0.74,7/20/2016 6:42,1.229
7/20/2016 6:48,0.73,7/20/2016 6:48,1.266
7/20/2016 6:54,0.73,7/20/2016 6:54,1.291
7/20/2016 7:00,0.73,7/20/2016 7:00,1.322
7/20/2016 7:06,0.75,7/20/2016 7:06,1.352
7/20/2016 7:12,0.78,7/20/2016 7:12,1.38
7/20/2016 7:18,0.8,7/20/2016 7:18,1.399
7/20/2016 7:24,0.82,7/20/2016 7:24,1.414
7/20/2016 7:30,0.85,7/20/2016 7:30,1.431
7/20/2016 7:36,0.87,7/20/2016 7:36,1.45
7/20/2016 7:42,0.9,7/20/2016 7:42,1.464
7/20/2016 7:48,0.92,7/20/2016 7:48,1.48
7/20/2016 7:54,0.95,7/20/2016 7:54,1.5
7/20/2016 8:00,0.97,7/20/2016 8:00,1.507
7/20/2016 8:06,1,7/20/2016 8:06,1.514
7/20/2016 8:12,1.02,7/20/2016 8:12,1.522
7/20/2016 8:18,1.04,7/20/2016 8:18,1.532
7/20/2016 8:24,1.06,7/20/2016 8:24,1.548
7/20/2016 8:30,1.07,7/20/2016 8:30,1.559
7/20/2016 8:36,1.09,7/20/2016 8:36,1.565
7/20/2016 8:42,1.1,7/20/2016 8:42,1.571
7/20/2016 8:48,1.12,7/20/2016 8:48,1.573
7/20/2016 8:54,1.13,7/20/2016 8:54,1.577
7/20/2016 9:00,1.13,7/20/2016 9:00,1.583
7/20/2016 9:06,1.14,7/20/2016 9:06,1.581
7/20/2016 9:12,1.14,7/20/2016 9:12,1.582
7/20/2016 9:18,1.14,7/20/2016 9:18,1.579
7/20/2016 9:24,1.14,7/20/2016 9:24,1.575
7/20/2016 9:30,1.14,7/20/2016 9:30,1.567
7/20/2016 9:36,1.13,7/20/2016 9:36,1.558
7/20/2016 9:42,1.12,7/20/2016 9:42,1.536
7/20/2016 9:48,1.11,7/20/2016 9:48,1.527
7/20/2016 9:54,1.1,7/20/2016 9:54,1.503
7/20/2016 10:00,1.09,7/20/2016 10:00,1.483
7/20/2016 10:06,1.07,7/20/2016 10:06,1.454
7/20/2016 10:12,1.05,7/20/2016 10:12,1.423
7/20/2016 10:18,1.02,7/20/2016 10:18,1.394
7/20/2016 10:24,1,7/20/2016 10:24,1.369
7/20/2016 10:30,0.98,7/20/2016 10:30,1.339
7/20/2016 10:36,0.95,7/20/2016 10:36,1.308
7/20/2016 10:42,0.93,7/20/2016 10:42,1.279
7/20/2016 10:48,0.91,7/20/2016 10:48,1.245
7/20/2016 10:54,0.89,7/20/2016 10:54,1.209
7/20/2016 11:00,0.87,7/20/2016 11:00,1.181
7/20/2016 11:06,0.85,7/20/2016 11:06,1.146
7/20/2016 11:12,0.83,7/20/2016 11:12,1.108
7/20/2016 11:18,0.81,7/20/2016 11:18,1.067
7/20/2016 11:24,0.79,7/20/2016 11:24,1.027
7/20/2016 11:30,0.77,7/20/2016 11:30,0.99
7/20/2016 11:36,0.76,7/20/2016 11:36,0.945
7/20/2016 11:42,0.76,7/20/2016 11:42,0.902
7/20/2016 11:48,0.75,7/20/2016 11:48,0.858
7/20/2016 11:54,0.75,7/20/2016 11:54,0.811
7/20/2016 12:00,0.75,7/20/2016 12:00,0.763
7/20/2016 12:06,0.75,7/20/2016 12:06,0.713
7/20/2016 12:12,0.75,7/20/2016 12:12,0.664
7/20/2016 12:18,0.75,7/20/2016 12:18,0.614
7/20/2016 12:24,0.75,7/20/2016 12:24,0.566
7/20/2016 12:30,0.75,7/20/2016 12:30,0.521
7/20/2016 12:36,0.75,7/20/2016 12:36,0.478
7/20/2016 12:42,0.75,7/20/2016 12:42,0.441
7/20/2016 12:48,0.75,7/20/2016 12:48,0.401
7/20/2016 12:54,0.75,7/20/2016 12:54,0.359
7/20/2016 13:00,0.75,7/20/2016 13:00,0.314
7/20/2016 13:06,0.74,7/20/2016 13:06,0.28
7/20/2016 13:12,0.75,7/20/2016 13:12,0.251
7/20/2016 13:18,0.75,7/20/2016 13:18,0.22
7/20/2016 13:24,0.74,7/20/2016 13:24,0.193
7/20/2016 13:30,0.74,7/20/2016 13:30,0.164
7/20/2016 13:36,0.74,7/20/2016 13:36,0.133
7/20/2016 13:42,0.74,7/20/2016 13:42,0.102
7/20/2016 13:48,0.74,7/20/2016 13:48,0.074
7/20/2016 13:54,0.75,7/20/2016 13:54,0.051
7/20/2016 14:00,0.74,7/20/2016 14:00,0.029
7/20/2016 14:06,0.74,7/20/2016 14:06,0.009
7/20/2016 14:12,0.74,7/20/2016 14:12,-0.001
7/20/2016 14:18,0.74,7/20/2016 14:18,-0.007
7/20/2016 14:24,0.74,7/20/2016 14:24,-0.012
7/20/2016 14:30,0.74,7/20/2016 14:30,-0.013
7/20/2016 14:36,0.74,7/20/2016 14:36,-0.012
7/20/2016 14:42,0.74,7/20/2016 14:42,-0.014
7/20/2016 14:48,0.74,7/20/2016 14:48,-0.015
7/20/2016 14:54,0.74,7/20/2016 14:54,-0.015
7/20/2016 15:00,0.74,7/20/2016 15:00,-0.012
7/20/2016 15:06,0.74,7/20/2016 15:06,-0.006
7/20/2016 15:12,0.73,7/20/2016 15:12,0.003
7/20/2016 15:18,0.74,7/20/2016 15:18,0.011
7/20/2016 15:24,0.74,7/20/2016 15:24,0.021
7/20/2016 15:30,0.73,7/20/2016 15:30,0.042
7/20/2016 15:36,0.73,7/20/2016 15:36,0.064
7/20/2016 15:42,0.73,7/20/2016 15:42,0.088
7/20/2016 15:48,0.73,7/20/2016 15:48,0.111
7/20/2016 15:54,0.73,7/20/2016 15:54,0.142
7/20/2016 16:00,0.73,7/20/2016 16:00,0.174
7/20/2016 16:06,0.73,7/20/2016 16:06,0.201
7/20/2016 16:12,0.73,7/20/2016 16:12,0.236
7/20/2016 16:18,0.73,7/20/2016 16:18,0.279
7/20/2016 16:24,0.73,7/20/2016 16:24,0.327
7/20/2016 16:30,0.73,7/20/2016 16:30,0.376
7/20/2016 16:36,0.73,7/20/2016 16:36,0.42
7/20/2016 16:42,0.73,7/20/2016 16:42,0.471
7/20/2016 16:48,0.73,7/20/2016 16:48,0.516
7/20/2016 16:54,0.73,7/20/2016 16:54,0.57
7/20/2016 17:00,0.73,7/20/2016 17:00,0.615
7/20/2016 17:06,0.73,7/20/2016 17:06,0.666
7/20/2016 17:12,0.73,7/20/2016 17:12,0.712
7/20/2016 17:18,0.73,7/20/2016 17:18,0.758
7/20/2016 17:24,0.73,7/20/2016 17:24,0.804
7/20/2016 17:30,0.73,7/20/2016 17:30,0.846
7/20/2016 17:36,0.73,7/20/2016 17:36,0.893
7/20/2016 17:42,0.73,7/20/2016 17:42,0.943
7/20/2016 17:48,0.73,7/20/2016 17:48,0.993
7/20/2016 17:54,0.72,7/20/2016 17:54,1.043
7/20/2016 18:00,0.72,7/20/2016 18:00,1.092
7/20/2016 18:06,0.72,7/20/2016 18:06,1.137
7/20/2016 18:12,0.72,7/20/2016 18:12,1.182
7/20/2016 18:18,0.72,7/20/2016 18:18,1.222
7/20/2016 18:24,0.72,7/20/2016 18:24,1.267
7/20/2016 18:30,0.72,7/20/2016 18:30,1.31
7/20/2016 18:36,0.72,7/20/2016 18:36,1.351
7/20/2016 18:42,0.72,7/20/2016 18:42,1.393
7/20/2016 18:48,0.75,7/20/2016 18:48,1.43
7/20/2016 18:54,0.78,7/20/2016 18:54,1.468
7/20/2016 19:00,0.81,7/20/2016 19:00,1.499
7/20/2016 19:06,0.84,7/20/2016 19:06,1.531
7/20/2016 19:12,0.88,7/20/2016 19:12,1.563
7/20/2016 19:18,0.91,7/20/2016 19:18,1.595
7/20/2016 19:24,0.95,7/20/2016 19:24,1.625
7/20/2016 19:30,0.99,7/20/2016 19:30,1.651
7/20/2016 19:36,1.03,7/20/2016 19:36,1.683
7/20/2016 19:42,1.07,7/20/2016 19:42,1.709
7/20/2016 19:48,1.1,7/20/2016 19:48,1.736
7/20/2016 19:54,1.14,7/20/2016 19:54,1.769
7/20/2016 20:00,1.17,7/20/2016 20:00,1.798
7/20/2016 20:06,1.2,7/20/2016 20:06,1.797
7/20/2016 20:12,1.23,7/20/2016 20:12,1.843
7/20/2016 20:18,1.25,7/20/2016 20:18,1.851
7/20/2016 20:24,1.29,7/20/2016 20:24,1.868
7/20/2016 20:30,1.31,7/20/2016 20:30,1.866
7/20/2016 20:36,1.34,7/20/2016 20:36,1.883
7/20/2016 20:42,1.37,7/20/2016 20:42,1.913
7/20/2016 20:48,1.39,7/20/2016 20:48,1.912
7/20/2016 20:54,1.42,7/20/2016 20:54,1.908
7/20/2016 21:00,1.44,7/20/2016 21:00,1.917
7/20/2016 21:06,1.46,7/20/2016 21:06,1.91
7/20/2016 21:12,1.47,7/20/2016 21:12,1.914
7/20/2016 21:18,1.48,7/20/2016 21:18,1.913
7/20/2016 21:24,1.49,7/20/2016 21:24,1.914
7/20/2016 21:30,1.49,7/20/2016 21:30,1.93
7/20/2016 21:36,1.49,7/20/2016 21:36,1.931
7/20/2016 21:42,1.49,7/20/2016 21:42,1.907
7/20/2016 21:48,1.49,7/20/2016 21:48,1.92
7/20/2016 21:54,1.48,7/20/2016 21:54,1.902
7/20/2016 22:00,1.48,7/20/2016 22:00,1.897
7/20/2016 22:06,1.47,7/20/2016 22:06,1.883
7/20/2016 22:12,1.45,7/20/2016 22:12,1.87
7/20/2016 22:18,1.44,7/20/2016 22:18,1.856
7/20/2016 22:24,1.42,7/20/2016 22:24,1.843
7/20/2016 22:30,1.39,7/20/2016 22:30,1.829
7/20/2016 22:36,1.37,7/20/2016 22:36,1.803
7/20/2016 22:42,1.35,7/20/2016 22:42,1.771
7/20/2016 22:48,1.33,7/20/2016 22:48,1.735
7/20/2016 22:54,1.31,7/20/2016 22:54,1.699
7/20/2016 23:00,1.28,7/20/2016 23:00,1.661
7/20/2016 23:06,1.25,7/20/2016 23:06,1.622
7/20/2016 23:12,1.22,7/20/2016 23:12,1.58
7/20/2016 23:18,1.19,7/20/2016 23:18,1.545
7/20/2016 23:24,1.16,7/20/2016 23:24,1.506
7/20/2016 23:30,1.13,7/20/2016 23:30,1.467
7/20/2016 23:36,1.1,7/20/2016 23:36,1.429
7/20/2016 23:42,1.07,7/20/2016 23:42,1.394
7/20/2016 23:48,1.04,7/20/2016 23:48,1.352
7/20/2016 23:54,1,7/20/2016 23:54,1.309
7/21/2016,0.97,7/21/2016 0:00,1.268
7/21/2016 0:06,0.94,7/21/2016 0:06,1.229
7/21/2016 0:12,0.92,7/21/2016 0:12,1.192
7/21/2016 0:18,0.89,7/21/2016 0:18,1.15
7/21/2016 0:24,0.87,7/21/2016 0:24,1.105
7/21/2016 0:30,0.84,7/21/2016 0:30,1.057
7/21/2016 0:36,0.81,7/21/2016 0:36,1.007
7/21/2016 0:42,0.79,7/21/2016 0:42,0.955
7/21/2016 0:48,0.77,7/21/2016 0:48,0.904
7/21/2016 0:54,0.75,7/21/2016 0:54,0.857
7/21/2016 1:00,0.74,7/21/2016 1:00,0.81
7/21/2016 1:06,0.74,7/21/2016 1:06,0.764
7/21/2016 1:12,0.74,7/21/2016 1:12,0.715
7/21/2016 1:18,0.74,7/21/2016 1:18,0.666
7/21/2016 1:24,0.74,7/21/2016 1:24,0.62
7/21/2016 1:30,0.73,7/21/2016 1:30,0.578
7/21/2016 1:36,0.73,7/21/2016 1:36,0.537
7/21/2016 1:42,0.73,7/21/2016 1:42,0.494
7/21/2016 1:48,0.73,7/21/2016 1:48,0.45
7/21/2016 1:54,0.73,7/21/2016 1:54,0.408
,,7/21/2016 2:00,0.365
,,7/21/2016 2:06,0.323
,,7/21/2016 2:12,0.287
,,7/21/2016 2:18,0.252
,,7/21/2016 2:24,0.219
,,7/21/2016 2:30,0.19
,,7/21/2016 2:36,0.164
,,7/21/2016 2:42,0.14
,,7/21/2016 2:48,0.117
,,7/21/2016 2:54,0.097
,,7/21/2016 3:00,0.081
,,7/21/2016 3:06,0.062
,,7/21/2016 3:12,0.047
,,7/21/2016 3:18,0.029
,,7/21/2016 3:24,0.019
,,7/21/2016 3:30,0.013
,,7/21/2016 3:36,0.013
,,7/21/2016 3:42,0.015
,,7/21/2016 3:48,0.021
,,7/21/2016 3:54,0.027
,,7/21/2016 4:00,0.03
,,7/21/2016 4:06,0.041
,,7/21/2016 4:12,0.057
,,7/21/2016 4:18,0.08
,,7/21/2016 4:24,0.104
,,7/21/2016 4:30,0.127
,,7/21/2016 4:36,0.151
,,7/21/2016 4:42,0.179
,,7/21/2016 4:48,0.21
,,7/21/2016 4:54,0.245
,,7/21/2016 5:00,0.277
,,7/21/2016 5:06,0.312
,,7/21/2016 5:12,0.352
,,7/21/2016 5:18,0.394
,,7/21/2016 5:24,0.433
,,7/21/2016 5:30,0.475
,,7/21/2016 5:36,0.515
,,7/21/2016 5:42,0.56
,,7/21/2016 5:48,0.605
,,7/21/2016 5:54,0.651
,,7/21/2016 6:00,0.704
,,7/21/2016 6:06,0.753
,,7/21/2016 6:12,0.804
,,7/21/2016 6:18,0.852
,,7/21/2016 6:24,0.902
,,7/21/2016 6:30,0.952
,,7/21/2016 6:36,0.999
,,7/21/2016 6:42,1.041
,,7/21/2016 6:48,1.081
,,7/21/2016 6:54,1.122
,,7/21/2016 7:00,1.164
,,7/21/2016 7:06,1.205
,,7/21/2016 7:12,1.24
,,7/21/2016 7:18,1.275
,,7/21/2016 7:24,1.305
,,7/21/2016 7:30,1.334
,,7/21/2016 7:36,1.364
,,7/21/2016 7:42,1.391
,,7/21/2016 7:48,1.424
,,7/21/2016 7:54,1.448
,,7/21/2016 8:00,1.468
,,7/21/2016 8:06,1.493
,,7/21/2016 8:12,1.513
,,7/21/2016 8:18,1.531
,,7/21/2016 8:24,1.55
,,7/21/2016 8:30,1.568
,,7/21/2016 8:36,1.59
,,7/21/2016 8:42,1.607
,,7/21/2016 8:48,1.625
,,7/21/2016 8:54,1.636
,,7/21/2016 9:00,1.642
,,7/21/2016 9:06,1.646
,,7/21/2016 9:12,1.648
,,7/21/2016 9:18,1.653
,,7/21/2016 9:24,1.657
,,7/21/2016 9:30,1.659
,,7/21/2016 9:36,1.662
,,7/21/2016 9:42,1.667
,,7/21/2016 9:48,1.668
,,7/21/2016 9:54,1.664
,,7/21/2016 10:00,1.655
,,7/21/2016 10:06,1.647
,,7/21/2016 10:12,1.643
,,7/21/2016 10:18,1.634
,,7/21/2016 10:24,1.623
,,7/21/2016 10:30,1.605
,,7/21/2016 10:36,1.589
,,7/21/2016 10:42,1.571
,,7/21/2016 10:48,1.553
,,7/21/2016 10:54,1.529
,,7/21/2016 11:00,1.503
,,7/21/2016 11:06,1.473
,,7/21/2016 11:12,1.443
,,7/21/2016 11:18,1.412
,,7/21/2016 11:24,1.376
,,7/21/2016 11:30,1.339
,,7/21/2016 11:36,1.303
,,7/21/2016 11:42,1.267
,,7/21/2016 11:48,1.23
,,7/21/2016 11:54,1.196
,,7/21/2016 12:00,1.156
,,7/21/2016 12:06,1.118
,,7/21/2016 12:12,1.079
,,7/21/2016 12:18,1.037
,,7/21/2016 12:24,0.993
,,7/21/2016 12:30,0.948
,,7/21/2016 12:36,0.903
,,7/21/2016 12:42,0.858
,,7/21/2016 12:48,0.817
,,7/21/2016 12:54,0.774
,,7/21/2016 13:00,0.726
,,7/21/2016 13:06,0.682
,,7/21/2016 13:12,0.64
,,7/21/2016 13:18,0.593
,,7/21/2016 13:24,0.55
,,7/21/2016 13:30,0.51
,,7/21/2016 13:36,0.47
,,7/21/2016 13:42,0.427
,,7/21/2016 13:48,0.39
,,7/21/2016 13:54,0.359
,,7/21/2016 14:00,0.329
,,7/21/2016 14:06,0.286
,,7/21/2016 14:12,0.254
,,7/21/2016 14:18,0.224
,,7/21/2016 14:24,0.196
,,7/21/2016 14:30,0.168
,,7/21/2016 14:36,0.143
,,7/21/2016 14:42,0.122
,,7/21/2016 14:48,0.102
,,7/21/2016 14:54,0.095
,,7/21/2016 15:00,0.078
,,7/21/2016 15:06,0.06
,,7/21/2016 15:12,0.042
,,7/21/2016 15:18,0.032
,,7/21/2016 15:24,0.023
,,7/21/2016 15:30,0.009
,,7/21/2016 15:36,-0.004
,,7/21/2016 15:42,-0.009
,,7/21/2016 15:48,0
,,7/21/2016 15:54,0.006
,,7/21/2016 16:00,0.015
,,7/21/2016 16:06,0.029
,,7/21/2016 16:12,0.044
,,7/21/2016 16:18,0.055
,,7/21/2016 16:24,0.072
,,7/21/2016 16:30,0.089
,,7/21/2016 16:36,0.11
,,7/21/2016 16:42,0.132
,,7/21/2016 16:48,0.156
,,7/21/2016 16:54,0.183
,,7/21/2016 17:00,0.216
,,7/21/2016 17:06,0.253
,,7/21/2016 17:12,0.288
,,7/21/2016 17:18,0.328
,,7/21/2016 17:24,0.369
,,7/21/2016 17:30,0.409
,,7/21/2016 17:36,0.448
,,7/21/2016 17:42,0.491
,,7/21/2016 17:48,0.543
,,7/21/2016 17:54,0.593
,,7/21/2016 18:00,0.647
,,7/21/2016 18:06,0.698
,,7/21/2016 18:12,0.75
,,7/21/2016 18:18,0.807
,,7/21/2016 18:24,0.865
,,7/21/2016 18:30,0.921
,,7/21/2016 18:36,0.974
,,7/21/2016 18:42,1.024
,,7/21/2016 18:48,1.074
,,7/21/2016 18:54,1.118
,,7/21/2016 19:00,1.168
,,7/21/2016 19:06,1.229
,,7/21/2016 19:12,1.278
,,7/21/2016 19:18,1.321
,,7/21/2016 19:24,1.371
,,7/21/2016 19:30,1.389
,,7/21/2016 19:36,1.444
,,7/21/2016 19:42,1.472
,,7/21/2016 19:48,1.521
,,7/21/2016 19:54,1.559
,,7/21/2016 20:00,1.597
,,7/21/2016 20:06,1.63
,,7/21/2016 20:12,1.66
,,7/21/2016 20:18,1.685
,,7/21/2016 20:24,1.709
,,7/21/2016 20:30,1.733
,,7/21/2016 20:36,1.756
,,7/21/2016 20:42,1.778
,,7/21/2016 20:48,1.8
,,7/21/2016 20:54,1.818
,,7/21/2016 21:00,1.831
,,7/21/2016 21:06,1.841
,,7/21/2016 21:12,1.853
,,7/21/2016 21:18,1.876
,,7/21/2016 21:24,1.894
,,7/21/2016 21:30,1.914
,,7/21/2016 21:36,1.923
,,7/21/2016 21:42,1.93
,,7/21/2016 21:48,1.935
,,7/21/2016 21:54,1.94
,,7/21/2016 22:00,1.944
,,7/21/2016 22:06,1.95
,,7/21/2016 22:12,1.951
,,7/21/2016 22:18,1.947
,,7/21/2016 22:24,1.943
,,7/21/2016 22:30,1.944
,,7/21/2016 22:36,1.94
,,7/21/2016 22:42,1.929
,,7/21/2016 22:48,1.913
,,7/21/2016 22:54,1.897
,,7/21/2016 23:00,1.88
,,7/21/2016 23:06,1.859
,,7/21/2016 23:12,1.837
,,7/21/2016 23:18,1.81
,,7/21/2016 23:24,1.781
,,7/21/2016 23:30,1.745
,,7/21/2016 23:36,1.717
,,7/21/2016 23:42,1.688
,,7/21/2016 23:48,1.653
,,7/21/2016 23:54,1.618
,,7/22/2016 0:00,1.585
,,7/22/2016 0:06,1.55
,,7/22/2016 0:12,1.51
,,7/22/2016 0:18,1.47
,,7/22/2016 0:24,1.432
,,7/22/2016 0:30,1.395
,,7/22/2016 0:36,1.354
,,7/22/2016 0:42,1.31
,,7/22/2016 0:48,1.26
,,7/22/2016 0:54,1.212
,,7/22/2016 1:00,1.166
,,7/22/2016 1:06,1.118
,,7/22/2016 1:12,1.072
,,7/22/2016 1:18,1.024
,,7/22/2016 1:24,0.977
,,7/22/2016 1:30,0.93
,,7/22/2016 1:36,0.885
,,7/22/2016 1:42,0.842
,,7/22/2016 1:48,0.795
,,7/22/2016 1:54,0.746
,,7/22/2016 2:00,0.699
,,7/22/2016 2:06,0.653
,,7/22/2016 2:12,0.604
,,7/22/2016 2:18,0.552
,,7/22/2016 2:24,0.506
,,7/22/2016 2:30,0.459
,,7/22/2016 2:36,0.408
,,7/22/2016 2:42,0.364
,,7/22/2016 2:48,0.32
,,7/22/2016 2:54,0.28
,,7/22/2016 3:00,0.24
,,7/22/2016 3:06,0.205
,,7/22/2016 3:12,0.175
,,7/22/2016 3:18,0.144
,,7/22/2016 3:24,0.116
,,7/22/2016 3:30,0.1
,,7/22/2016 3:36,0.083
,,7/22/2016 3:42,0.047
,,7/22/2016 3:48,0.048
,,7/22/2016 3:54,0.01
,,7/22/2016 4:00,0.006
,,7/22/2016 4:06,0.004
,,7/22/2016 4:12,-0.003
,,7/22/2016 4:18,-0.018
,,7/22/2016 4:24,-0.021
,,7/22/2016 4:30,-0.017
,,7/22/2016 4:36,-0.014
,,7/22/2016 4:42,-0.013
,,7/22/2016 4:48,0.004
,,7/22/2016 4:54,0.023
,,7/22/2016 5:00,0.044
,,7/22/2016 5:06,0.073
,,7/22/2016 5:12,0.089
,,7/22/2016 5:18,0.084
,,7/22/2016 5:24,0.141
,,7/22/2016 5:30,0.172
,,7/22/2016 5:36,0.203
,,7/22/2016 5:42,0.252
,,7/22/2016 5:48,0.292
,,7/22/2016 5:54,0.329
,,7/22/2016 6:00,0.373
,,7/22/2016 6:06,0.408
,,7/22/2016 6:12,0.462
,,7/22/2016 6:18,0.503
,,7/22/2016 6:24,0.548
,,7/22/2016 6:30,0.584
,,7/22/2016 6:36,0.632
,,7/22/2016 6:42,0.679
,,7/22/2016 6:48,0.725
,,7/22/2016 6:54,0.776
,,7/22/2016 7:00,0.825
,,7/22/2016 7:06,0.878
,,7/22/2016 7:12,0.928
,,7/22/2016 7:18,0.98
,,7/22/2016 7:24,1.028
,,7/22/2016 7:30,1.078
,,7/22/2016 7:36,1.125
,,7/22/2016 7:42,1.168
,,7/22/2016 7:48,1.206
,,7/22/2016 7:54,1.251
,,7/22/2016 8:00,1.29
,,7/22/2016 8:06,1.326
,,7/22/2016 8:12,1.36
,,7/22/2016 8:18,1.39
,,7/22/2016 8:24,1.417
,,7/22/2016 8:30,1.443
,,7/22/2016 8:36,1.469
,,7/22/2016 8:42,1.497
,,7/22/2016 8:48,1.525
,,7/22/2016 8:54,1.549
,,7/22/2016 9:00,1.574
,,7/22/2016 9:06,1.596
,,7/22/2016 9:12,1.616
,,7/22/2016 9:18,1.634
,,7/22/2016 9:24,1.646
,,7/22/2016 9:30,1.662
,,7/22/2016 9:36,1.673
,,7/22/2016 9:42,1.681
,,7/22/2016 9:48,1.69
,,7/22/2016 9:54,1.697
,,7/22/2016 10:00,1.703
,,7/22/2016 10:06,1.708
,,7/22/2016 10:12,1.713
,,7/22/2016 10:18,1.714
,,7/22/2016 10:24,1.717
,,7/22/2016 10:30,1.721
,,7/22/2016 10:36,1.729
,,7/22/2016 10:42,1.726
,,7/22/2016 10:48,1.719
,,7/22/2016 10:54,1.711
,,7/22/2016 11:00,1.696
,,7/22/2016 11:06,1.681
,,7/22/2016 11:12,1.666
,,7/22/2016 11:18,1.654
,,7/22/2016 11:24,1.642
,,7/22/2016 11:30,1.629
,,7/22/2016 11:36,1.599
,,7/22/2016 11:42,1.565
,,7/22/2016 11:48,1.543
,,7/22/2016 11:54,1.512
,,7/22/2016 12:00,1.479
,,7/22/2016 12:06,1.448
,,7/22/2016 12:12,1.406
,,7/22/2016 12:18,1.346
,,7/22/2016 12:24,1.33
,,7/22/2016 12:30,1.296
,,7/22/2016 12:36,1.266
,,7/22/2016 12:42,1.225
,,7/22/2016 12:48,1.19
,,7/22/2016 12:54,1.154
,,7/22/2016 13:00,1.109
,,7/22/2016 13:06,1.071
,,7/22/2016 13:12,1.033
,,7/22/2016 13:18,0.996
,,7/22/2016 13:24,0.955
,,7/22/2016 13:30,0.907
,,7/22/2016 13:36,0.864
,,7/22/2016 13:42,0.82
,,7/22/2016 13:48,0.78
,,7/22/2016 13:54,0.737
,,7/22/2016 14:00,0.69
,,7/22/2016 14:06,0.645
,,7/22/2016 14:12,0.601
,,7/22/2016 14:18,0.552
,,7/22/2016 14:24,0.511
,,7/22/2016 14:30,0.468
,,7/22/2016 14:36,0.427
,,7/22/2016 14:42,0.39
,,7/22/2016 14:48,0.35
,,7/22/2016 14:54,0.312
,,7/22/2016 15:00,0.28
,,7/22/2016 15:06,0.245
,,7/22/2016 15:12,0.214
,,7/22/2016 15:18,0.183
,,7/22/2016 15:24,0.158
,,7/22/2016 15:30,0.136
,,7/22/2016 15:36,0.115
,,7/22/2016 15:42,0.099
,,7/22/2016 15:48,0.076
,,7/22/2016 15:54,0.061
,,7/22/2016 16:00,0.042
,,7/22/2016 16:06,0.032
,,7/22/2016 16:12,0.017
,,7/22/2016 16:18,0.005
,,7/22/2016 16:24,0.001
,,7/22/2016 16:30,-0.001
,,7/22/2016 16:36,-0.005
,,7/22/2016 16:42,-0.005
,,7/22/2016 16:48,0.004
,,7/22/2016 16:54,0.019
,,7/22/2016 17:00,0.035
,,7/22/2016 17:06,0.054
,,7/22/2016 17:12,0.075
,,7/22/2016 17:18,0.095
,,7/22/2016 17:24,0.119
,,7/22/2016 17:30,0.147
,,7/22/2016 17:36,0.178
,,7/22/2016 17:42,0.215
,,7/22/2016 17:48,0.245
,,7/22/2016 17:54,0.286
,,7/22/2016 18:00,0.33
,,7/22/2016 18:06,0.379
,,7/22/2016 18:12,0.427
,,7/22/2016 18:18,0.479
,,7/22/2016 18:24,0.526
,,7/22/2016 18:30,0.573
,,7/22/2016 18:36,0.621
,,7/22/2016 18:42,0.669
,,7/22/2016 18:48,0.719
,,7/22/2016 18:54,0.77
,,7/22/2016 19:00,0.822
,,7/22/2016 19:06,0.874
,,7/22/2016 19:12,0.924
,,7/22/2016 19:18,0.971
,,7/22/2016 19:24,1.024
,,7/22/2016 19:30,1.064
,,7/22/2016 19:36,1.108
,,7/22/2016 19:42,1.16
,,7/22/2016 19:48,1.201
,,7/22/2016 19:54,1.249
,,7/22/2016 20:00,1.301
,,7/22/2016 20:06,1.35
,,7/22/2016 20:12,1.396
,,7/22/2016 20:18,1.435
,,7/22/2016 20:24,1.476
,,7/22/2016 20:30,1.512
,,7/22/2016 20:36,1.544
,,7/22/2016 20:42,1.576
,,7/22/2016 20:48,1.607
,,7/22/2016 20:54,1.637
,,7/22/2016 21:00,1.662
,,7/22/2016 21:06,1.686
,,7/22/2016 21:12,1.707
,,7/22/2016 21:18,1.741
,,7/22/2016 21:24,1.754
,,7/22/2016 21:30,1.777
,,7/22/2016 21:36,1.792
,,7/22/2016 21:42,1.81
,,7/22/2016 21:48,1.826
,,7/22/2016 21:54,1.851
,,7/22/2016 22:00,1.87
,,7/22/2016 22:06,1.89
,,7/22/2016 22:12,1.903
,,7/22/2016 22:18,1.915
,,7/22/2016 22:24,1.926
,,7/22/2016 22:30,1.941
,,7/22/2016 22:36,1.952
,,7/22/2016 22:42,1.957
,,7/22/2016 22:48,1.955
,,7/22/2016 22:54,1.947
,,7/22/2016 23:00,1.938
,,7/22/2016 23:06,1.93
,,7/22/2016 23:12,1.921
,,7/22/2016 23:18,1.914
,,7/22/2016 23:24,1.907
,,7/22/2016 23:30,1.895
,,7/22/2016 23:36,1.88
,,7/22/2016 23:42,1.86
,,7/22/2016 23:48,1.841
,,7/22/2016 23:54,1.819
,,7/23/2016 0:00,1.797
,,7/23/2016 0:06,1.773
,,7/23/2016 0:12,1.746
,,7/23/2016 0:18,1.731
,,7/23/2016 0:24,1.688
,,7/23/2016 0:30,1.66
,,7/23/2016 0:36,1.623
,,7/23/2016 0:42,1.589
,,7/23/2016 0:48,1.552
,,7/23/2016 0:54,1.513
,,7/23/2016 1:00,1.476
,,7/23/2016 1:06,1.448
,,7/23/2016 1:12,1.404
,,7/23/2016 1:18,1.366
,,7/23/2016 1:24,1.321
,,7/23/2016 1:30,1.28
,,7/23/2016 1:36,1.24
,,7/23/2016 1:42,1.197
,,7/23/2016 1:48,1.149
,,7/23/2016 1:54,1.101
,,7/23/2016 2:00,1.049
,,7/23/2016 2:06,0.997
,,7/23/2016 2:12,0.95
,,7/23/2016 2:18,0.904
,,7/23/2016 2:24,0.86
,,7/23/2016 2:30,0.814
,,7/23/2016 2:36,0.767
,,7/23/2016 2:42,0.717
,,7/23/2016 2:48,0.669
,,7/23/2016 2:54,0.619
,,7/23/2016 3:00,0.578
,,7/23/2016 3:06,0.531
,,7/23/2016 3:12,0.485
,,7/23/2016 3:18,0.445
,,7/23/2016 3:24,0.402
,,7/23/2016 3:30,0.357
,,7/23/2016 3:36,0.303
,,7/23/2016 3:42,0.266
,,7/23/2016 3:48,0.229
,,7/23/2016 3:54,0.195
,,7/23/2016 4:00,0.166
,,7/23/2016 4:06,0.132
,,7/23/2016 4:12,0.1
,,7/23/2016 4:18,0.09
,,7/23/2016 4:24,0.081
,,7/23/2016 4:30,0.026
,,7/23/2016 4:36,0.013
,,7/23/2016 4:42,-0.005
,,7/23/2016 4:48,-0.011
,,7/23/2016 4:54,-0.027
,,7/23/2016 5:00,-0.045
,,7/23/2016 5:06,-0.05
,,7/23/2016 5:12,-0.056
,,7/23/2016 5:18,-0.056
,,7/23/2016 5:24,-0.052
,,7/23/2016 5:30,-0.048
,,7/23/2016 5:36,-0.034
,,7/23/2016 5:42,-0.021
,,7/23/2016 5:48,-0.007
,,7/23/2016 5:54,0.023
,,7/23/2016 6:00,0.042
,,7/23/2016 6:06,0.066
,,7/23/2016 6:12,0.088
,,7/23/2016 6:18,0.119
,,7/23/2016 6:24,0.152
,,7/23/2016 6:30,0.179
,,7/23/2016 6:36,0.198
,,7/23/2016 6:42,0.242
,,7/23/2016 6:48,0.285
,,7/23/2016 6:54,0.327
,,7/23/2016 7:00,0.372
,,7/23/2016 7:06,0.422
,,7/23/2016 7:12,0.472
,,7/23/2016 7:18,0.525
,,7/23/2016 7:24,0.576
,,7/23/2016 7:30,0.629
,,7/23/2016 7:36,0.682
,,7/23/2016 7:42,0.738
,,7/23/2016 7:48,0.791
,,7/23/2016 7:54,0.846
,,7/23/2016 8:00,0.892
,,7/23/2016 8:06,0.94
,,7/23/2016 8:12,0.984
,,7/23/2016 8:18,1.033
,,7/23/2016 8:24,1.077
,,7/23/2016 8:30,1.117
,,7/23/2016 8:36,1.156
,,7/23/2016 8:42,1.195
,,7/23/2016 8:48,1.234
,,7/23/2016 8:54,1.273
,,7/23/2016 9:00,1.311
,,7/23/2016 9:06,1.346
,,7/23/2016 9:12,1.382
,,7/23/2016 9:18,1.419
,,7/23/2016 9:24,1.453
,,7/23/2016 9:30,1.484
,,7/23/2016 9:36,1.514
,,7/23/2016 9:42,1.542
,,7/23/2016 9:48,1.563
,,7/23/2016 9:54,1.587
,,7/23/2016 10:00,1.608
,,7/23/2016 10:06,1.63
,,7/23/2016 10:12,1.647
,,7/23/2016 10:18,1.663
,,7/23/2016 10:24,1.678
,,7/23/2016 10:30,1.694
,,7/23/2016 10:36,1.704
,,7/23/2016 10:42,1.714
,,7/23/2016 10:48,1.723
,,7/23/2016 10:54,1.733
,,7/23/2016 11:00,1.738
,,7/23/2016 11:06,1.741
,,7/23/2016 11:12,1.745
,,7/23/2016 11:18,1.749
,,7/23/2016 11:24,1.752
,,7/23/2016 11:30,1.751
,,7/23/2016 11:36,1.747
,,7/23/2016 11:42,1.743
,,7/23/2016 11:48,1.732
,,7/23/2016 11:54,1.716
,,7/23/2016 12:00,1.703
,,7/23/2016 12:06,1.683
,,7/23/2016 12:12,1.661
,,7/23/2016 12:18,1.635
,,7/23/2016 12:24,1.616
,,7/23/2016 12:30,1.588
,,7/23/2016 12:36,1.558
,,7/23/2016 12:42,1.52
,,7/23/2016 12:48,1.488
,,7/23/2016 12:54,1.454
,,7/23/2016 13:00,1.423
,,7/23/2016 13:06,1.395
,,7/23/2016 13:12,1.363
,,7/23/2016 13:18,1.33
,,7/23/2016 13:24,1.295
,,7/23/2016 13:30,1.263
,,7/23/2016 13:36,1.224
,,7/23/2016 13:42,1.184
,,7/23/2016 13:48,1.141
,,7/23/2016 13:54,1.102
,,7/23/2016 14:00,1.058
,,7/23/2016 14:06,1.016
,,7/23/2016 14:12,0.969
,,7/23/2016 14:18,0.921
,,7/23/2016 14:24,0.871
,,7/23/2016 14:30,0.826
,,7/23/2016 14:36,0.784
,,7/23/2016 14:42,0.743
,,7/23/2016 14:48,0.701
,,7/23/2016 14:54,0.662
,,7/23/2016 15:00,0.619
,,7/23/2016 15:06,0.578
,,7/23/2016 15:12,0.531
,,7/23/2016 15:18,0.488
,,7/23/2016 15:24,0.448
,,7/23/2016 15:30,0.412
,,7/23/2016 15:36,0.375
,,7/23/2016 15:42,0.339
,,7/23/2016 15:48,0.302
,,7/23/2016 15:54,0.267
,,7/23/2016 16:00,0.239
,,7/23/2016 16:06,0.209
,,7/23/2016 16:12,0.187
,,7/23/2016 16:18,0.166
,,7/23/2016 16:24,0.146
,,7/23/2016 16:30,0.127
,,7/23/2016 16:36,0.111
,,7/23/2016 16:42,0.1
,,7/23/2016 16:48,0.088
,,7/23/2016 16:54,0.078
,,7/23/2016 17:00,0.073
,,7/23/2016 17:06,0.069
,,7/23/2016 17:12,0.066
,,7/23/2016 17:18,0.064
,,7/23/2016 17:24,0.061
,,7/23/2016 17:30,0.055
,,7/23/2016 17:36,0.081
,,7/23/2016 17:42,0.087
,,7/23/2016 17:48,0.101
,,7/23/2016 17:54,0.116
,,7/23/2016 18:00,0.133
,,7/23/2016 18:06,0.147
,,7/23/2016 18:12,0.167
,,7/23/2016 18:18,0.19
,,7/23/2016 18:24,0.218
,,7/23/2016 18:30,0.248
,,7/23/2016 18:36,0.286
,,7/23/2016 18:42,0.321
,,7/23/2016 18:48,0.356
,,7/23/2016 18:54,0.388
,,7/23/2016 19:00,0.425
,,7/23/2016 19:06,0.459
,,7/23/2016 19:12,0.501
,,7/23/2016 19:18,0.546
,,7/23/2016 19:24,0.592
,,7/23/2016 19:30,0.644
,,7/23/2016 19:36,0.695
,,7/23/2016 19:42,0.721
,,7/23/2016 19:48,0.805
,,7/23/2016 19:54,0.85
,,7/23/2016 20:00,
,,7/23/2016 20:06,
,,7/23/2016 20:12,
,,7/23/2016 20:18,
,,7/23/2016 20:24,
,,7/23/2016 20:30,
,,7/23/2016 20:36,
,,7/23/2016 20:42,
,,7/23/2016 20:48,
,,7/23/2016 20:54,
,,7/23/2016 21:00,
,,7/23/2016 21:06,
,,7/23/2016 21:12,
,,7/23/2016 21:18,
,,7/23/2016 21:24,
,,7/23/2016 21:30,
,,7/23/2016 21:36,
,,7/23/2016 21:42,
,,7/23/2016 21:48,
,,7/23/2016 21:54,
,,7/23/2016 22:00,
,,7/23/2016 22:06,
,,7/23/2016 22:12,
,,7/23/2016 22:18,
,,7/23/2016 22:24,
,,7/23/2016 22:30,
,,7/23/2016 22:36,
,,7/23/2016 22:42,
,,7/23/2016 22:48,
,,7/23/2016 22:54,
,,7/23/2016 23:00,
,,7/23/2016 23:06,
,,7/23/2016 23:12,
,,7/23/2016 23:18,
,,7/23/2016 23:24,
,,7/23/2016 23:30,
,,7/23/2016 23:36,
,,7/23/2016 23:42,
,,7/23/2016 23:48,
,,7/23/2016 23:54,
