DATE,Month,Set/Pull,Site #,S/C,Time,Depth (ft),B.DO,B. Cond,YSI.B. Sal (ppt),B. Temp (C),T. DO,T.Cond,YSI.T. Sal (ppt),T. Temp (C),Latitude, Longitude,COMMENTS,,,
5/14/2015,May,Set,1,S,13:20,19.7,3.74,0.216,0.1,25,3.56,0.273,0.1,25,32.90112,-80.11795,"**YSI.B is the Bottom Salinity measurement, while YSI.T is the top salinity. For the purpose of my study, due to the benthic nature of crabs, only the bottom salinity was analysed and averaged (between sites). ",,,
5/14/2015,May,Set,1,C,13:24,17.9,3.53,0.27,0.1,24.8,3.61,0.266,0.1,25,32.90101,-80.11826,,,,
5/15/2015,May,Pull,1,S,12:33,24.6,3.45,0.365,0.2,24.4,3.32,0.364,0.2,24.5,,,,,,
5/15/2015,May,Pull,1,C,12:33,22.8,3.41,0.369,0.2,24.4,3.35,0.364,0.2,24.5,,,,,,
5/26/2015,May,Set,1,S,11:26,6,3.72,0.969,0.5,26.2,3.85,0.985,0.5,26.2,32.90109,-80.118,,,,
5/26/2015,May,Set,1,C,11:32,15.9,3.71,0.995,0.5,25.8,3.7,0.997,0.5,25.8,32.90091,-80.11823,,,,
5/27/2015,May,Pull,1,S,11:16,4.9,3.69,0.904,0.4,26.8,3.93,0.908,0.4,27.4,,,,,,
5/27/2015,May,Pull,1,C,11:20,11.5,3.73,0.938,0.5,26.8,3.87,0.899,0.4,27.1,,,,,,
6/8/2015,June,Set,1,S ,10:27,7.2,4.6,0.745,0.4,26.5,3.9,0.793,0.4,26.5,32.90112,-80.118,**S/C = Shoreline or Channel meaurements,,,
6/8/2015,June,Set,1,C,10:31,18.3,4,0.849,0.4,26.4,4.2,0.846,0.4,26.4,32.90121,-80.11839,,,,
6/9/2015,June,Pull,1,C,11:39,18.5,5,0.832,0.4,27.2,4.6,0.834,0.4,27.2,32.90121,-80.11839,,,,
6/9/2015,June,Pull,1,S,10:46,16.1,5.1,0.848,0.4,27.2,4.5,0.829,0.4,27.3,32.90112,-80.118,,,,
6/22/2015,June,Set,1,S,10:49,9.4,3.6,1.214,0.6,31.8,3.2,1.199,0.6,31.8,32.90117,-80.11799,,,,
6/22/2015,June,Set,1,C,10:53,23.7,3.5,1.301,0.7,31.7,3.3,1.298,0.7,31.8,32.90112,-80.11833,,,,
6/23/2015,June,Pull,1,C,11:02,23.7,4.3,0.778,0.4,31.3,4.1,0.772,0.4,31.3,32.90126,-80.1181,,,,
6/23/2015,June,Pull,1,S,11:05,10.6,4.2,0.76,0.4,31.3,4.3,0.762,0.4,31.3,32.9012,-80.11809,,,,
7/7/2015,July,Set ,1,S,10:27,6.8,3.75,0.205,0.1,27.8,3.77,0.203,0.1,27.8,32.90114,-80.11785,,,,
7/7/2015,July,Set ,1,C,10:32,22,3.7,0.217,0.1,27.9,3.72,0.179,0.1,28,32.90148,-80.11845,,,,
7/8/2015,July,Pull,1,S,10:57,4,4.02,0.192,0.1,27.4,4.32,0.192,0.1,27.4,32.90117,-80.1179,,,,
7/8/2015,July,Pull,1,C,11:02,20.5,3.91,0.2,0.1,27.4,3.9,0.206,0.1,27.5,32.89942,-80.11737,,,,
7/21/2015,July,Set,1,S,11:28,10.7,3.14,0.925,0.4,30.4,3.15,0.871,0.4,30.4,32.9012,-80.11791,,,,
7/21/2015,July,Set,1,C,11:33,17.2,3.17,0.957,0.4,30.3,3.15,0.952,0.4,30.4,32.90086,-80.11831,,,,
7/22/2015,July,Pull,1,C,10:10,21,3.3,0.616,0.3,30.6,3.28,0.603,0.3,30.6,32.90105,-80.11827,,,,
7/22/2015,July,Pull,1,S,NA,23.5,3.31,0.626,0.3,30.6,3.32,0.599,0.3,30.6,32.90097,-80.11792,,,,
8/5/2015,August,Set,1,S,10:35,7,3.48,2.192,1,28.8,3.5,2.198,1,28.8,32.90122,-80.11804,,,,
8/5/2015,August,Set,1,C,10:42,18.5,3.39,2.476,1.2,28.8,3.47,2.443,1.2,28.9,32.90106,-80.11835,,,,
8/6/2015,August,Pull,1,C,10:42,18.5,3.6,1.922,0.9,29.4,3.58,1.92,0.9,29.4,32.90117,-80.11841,,,,
8/6/2015,August,Pull,1,S,10:51,5.2,3.85,1.864,0.9,29.5,3.59,1.857,0.9,29.5,32.90119,-80.11792,,,,
8/19/2015,August,Set,1,S,9:56,9.4,4.52,5.72,2.9,28.4,4.51,5.79,2.9,28.4,32.90119,-80.11794,*Pot walked to site 5,,,
8/19/2015,August,Set,1,C,9:59,21,4.28,6.31,3.2,28.4,4.31,6.22,3.1,28.5,32.90099,-80.11826,,,,
8/20/2015,August,Pull,1,C,9:38,14.1,5.32,4.895,2.4,28.9,5.31,4.865,2.4,28.2,32.90111,-80.11835,,,,
8/20/2015,August,Pull,1,S,8:41,5.2,5.54,4.68,2.3,28.8,5.54,4.67,2.3,28.8,32.90113,-80.1179,,,,
9/2/2015,September,Set,1,S,10:48,8.5,3.61,3.318,1.6,26.9,3.69,3.387,1.7,26.9,32.90106,-80.11788,,,,
9/2/2015,September,Set,1,C,10:57,17.5,3.93,3.572,1.8,26.9,3.83,3.565,1.8,26.9,32.90082,-80.11832,,,,
9/3/2015,September,Pull,1,S,10:27,8.3,3.76,2.719,1.3,27.3,3.71,2.745,1.3,27.3,32.90095,-80.1178,,,,
9/3/2015,September,Pull,1,C,10:33,14.3,3.89,3.015,1.5,27.4,3.53,3.008,1.5,27.4,32.90103,-80.11847,,,,
9/16/2015,September,Set,1,S,11:01,22.6,4.91,4.668,2.5,25.7,4.68,4.441,2.3,25.7,32.9011,-80.11804,*Lost Pot,,,
9/16/2015,September,Set,1,C,11:04,14,4.86,4.78,2.5,25.7,4.89,4.65,2.4,25.8,32.90088,-80.11835,,,,
9/17/2015,September,Pull,1,C,10:30,18.7,4.75,4.312,2.3,25.3,4.65,4.25,2.2,25.3,32.90118,-80.11845,,,,
9/17/2015,September,Pull,1,S,10:41,13.4,4.75,4.271,2.2,25.3,4.56,4.153,2.2,25.3,32.9011,-80.11794,,,,
10/1/2015,October,Set,1,S,9:43,9,3.6,3.54,1.9,25.4,3.84,3.55,1.7,25.4,32.90094,-80.11782,,,,
10/1/2015,October,Set,1,C,9:54,18.6,3.75,3.802,2,25.4,3.89,3.81,2,25.4,32.90076,-80.11826,,,,
10/2/2015,October,Pull,1,C,10:00,12.6,4.27,2.887,1.5,23.9,4,2.846,1.5,23.9,32.89336,-80.11961,,,,
10/2/2015,October,Pull,1,S,10:23,18.7,4.06,2.629,1.4,23.8,4.21,2.59,1.4,23.8,32.90094,-80.11788,,,,
10/14/2015,October,Set,1,S,10:18,13.9,4.86,0.0921,0,20.6,5.02,0.92,0,2.06,32.90129,-80.11806,,,,
10/14/2015,October,Set,1,C,10:22,19.8,4.87,0.933,0,20.6,4.78,0.0924,0,20.6,32.9011,-80.11839,,,,
10/15/2015,October,Pull ,1,S,11:37,7.7,5.24,0.1071,0.1,20.7,5.19,0.1082,0.1,20.7,32.90129,-80.11803,,,,
10/15/2015,October,Pull ,1,C,11:42,23,5.18,0.1079,0.1,20.6,4.91,0.108,0.1,20.7,32.90113,-80.11833,,,,
10/28/2015,October,Set,1,S,12:34,9.7,6.15,3.722,2.3,19.5,6.12,2.965,1.5,19.7,32.9011,-80.11787,,,,
10/28/2015,October,Set,1,C,12:57,21,6.04,3.974,2.4,19.6,5.96,3.241,1.8,19.6,32.90081,-80.11818,,,,
10/29/2015,October,Pull ,1,S,10:47,13.2,5.82,1.087,0.6,19.9,5.84,1.136,0.6,19.9,32.90084,-80.11782,,,,
10/29/2015,October,Pull ,1,C,11:02,21.4,5.99,1.522,0.9,19.8,6.67,1.462,0.8,19.8,32.90054,-80.11815,,,,
5/14/2015,May,Set,2,S,12:48,9.7,3.27,0.4,0.2,24.6,3.24,0.38,0.2,24.6,32.89198,-80.09949,,,,
5/14/2015,May,Set,2,C,12:48,14.7,3.4,0.4,0.2,24.5,3.25,0.38,0.2,24.6,32.89175,-80.09995,,,,
5/15/2015,May,Pull,2,S,12:52,9.7,3.5,24.5,0.643,0.3,3.47,0.617,0.3,24.5,,,,,,
5/15/2015,May,Pull,2,C,12:52,14.3,3.48,0.576,0.3,24.4,3.53,0.563,0.3,24.4,,,,,,
5/26/2015,May,Set,2,S,11:46,11.5,3.95,1.758,0.9,26,3.62,1.752,0.9,26.2,32.89204,-80.09948,,,,
5/26/2015,May,Set,2,C,11:51,17.6,3.63,1.877,1,25.9,3.71,1.883,1,26.2,32.89175,-80.10001,,,,
5/27/2015,May,Pull,2,S,11:33,6.8,3.6,1.459,0.7,26.8,3.62,1.455,0.7,27.2,,,,,,
5/27/2015,May,Pull,2,C,11:40,16.4,3.57,1.515,0.8,26.5,3.82,1.535,0.8,27,,,,,,
6/8/2015,June,Set,2,S,10:52,10.4,5,1.54,0.8,26.6,4.7,1.461,0.8,26.8,32.89203,-80.09942,,,,
6/8/2015,June,Set,2,C,10:46,19.7,4.9,1.785,1,26.6,4.3,1.803,1,26.7,32.89172,-80.09991,,,,
6/9/2015,June,Pull,2,C,11:55,18.4,4.4,1.727,0.9,27.3,4.4,1.703,0.9,27.4,32.89207,-80.10038,,,,
6/9/2015,June,Pull,2,S,12:02,7.5,5,1.484,0.8,27.3,4.5,1.504,0.8,27.3,32.89193,-80.0993,,,,
6/22/2015,June,Set,2,S,11:05,12.4,3.9,2.567,1.4,31.6,3.6,2.223,1.2,31.8,32.89201,-80.09942,,,,
6/22/2015,June,Set,2,C,11:08,18,3.7,2.788,1.5,31.6,3.9,2.654,1.5,32,32.89201,-80.09942,,,,
6/23/2015,June,Pull,2,C,11:18,18.6,3.8,1.62,0.8,31.5,3.9,1.64,0.9,31.7,32.89189,-80.10014,,,,
6/23/2015,June,Pull,2,S,11:24,12.7,3.9,1.5,0.8,31.7,3.7,1.644,0.9,31.7,32.89191,-80.09936,,,,
7/7/2015,July,Set ,2,S,10:54,12.8,3.56,0.406,0.2,28.5,3.54,0.418,0.2,28.5,32.89199,-80.0942,,,,
7/7/2015,July,Set ,2,C,11:02,17.9,3.47,0.505,0.2,28.5,3.54,0.519,0.2,28.5,32.8919,-80.09992,,,,
7/8/2015,July,Pull,2,C,11:15,17,3.59,0.328,0.1,28,3.54,0.342,0.2,28.2,32.89207,-80.09943,,,,
7/8/2015,July,Pull,2,S,11:23,5.1,3.9,0.308,0.1,28.2,4,0.306,0.1,28.2,32.89207,-80.09943,,,,
7/21/2015,July,Set,2,C,11:46,19.4,3.51,2.322,1.1,30.4,3.36,2.194,1,30.6,32.89161,-80.09984,,,,
7/21/2015,July,Set,2,S,11:50,NA,3.45,2.147,1,30.3,3.34,1.646,0.7,30.5,,,,,,
7/22/2015,July,Pull,2,C,10:32,18.6,3.31,1.379,0.6,30.6,3.3,1.36,0.6,30.6,32.89161,-80.09985,,,,
7/22/2015,July,Pull,2,S,10:43,13.2,3.22,1.332,0.6,30.5,3.09,1.226,0.5,30.5,32.89201,-80.0948,,,,
8/5/2015,August,Set,2,S,10:53,13.2,3.41,3.929,1.9,29,3.48,3.6,1.8,29,32.89374,-80.1092,,,,
8/5/2015,August,Set,2,C,10:56,19.1,3.52,4.759,2.3,29.1,4.607,3.67,2.2,29.2,32.89334,-80.1033,,,,
8/6/2015,August,Pull,2,S,11:04,10.2,3.62,3.045,1.4,29.6,3.5,2.986,1.4,29.6,32.89373,-80.10293,,,,
8/6/2015,August,Pull,2,C,11:13,17.7,3.6,3.747,1.8,29.6,3.58,3.701,1.8,29.6,32.89335,-80.10338,,,,
8/19/2015,August,Set,2,S,10:12,13.9,3.78,11,5.8,28.5,3.65,10.07,5.3,28.6,32.89199,-80.09946,,,,
8/19/2015,August,Set,2,C,10:15,17.5,3.75,11.44,6,28.6,3.95,11.25,5.9,28.6,32.89165,-80.09996,,,,
8/20/2015,August,Pull,2,C,9:48,19.3,3.72,9,4.6,28.9,3.76,8.8,4.5,28.9,32.89188,-80.10009,,,,
8/20/2015,August,Pull,2,S,9:52,13.2,3.9,8.8,4.6,28.9,3.77,8.21,4.2,28.9,32.89201,-80.09946,,,,
9/2/2015,September,Set,2,S,11:11,11.6,4.13,4.66,2.4,27,3.86,4.366,2.2,27.1,32.89201,-80.09944,,,,
9/2/2015,September,Set,2,C,11:15,17.7,4.55,5,26,27.1,4.4,4.966,2.5,27.1,32.89157,-80.0998,,,,
9/3/2015,September,Pull,2,C,10:47,16.7,4.22,4.183,2.1,27.5,3.98,4.111,2.1,27.5,32.89165,-80.10021,,,,
9/3/2015,September,Pull,2,S,11:06,10.4,3.91,4.21,2.1,27.5,3.65,3.921,2,27.6,32.89204,-80.09941,,,,
9/16/2015,September,Set,2,S,11:13,9.36,5.1,7.85,4.2,26.1,4.7,7.67,4.1,26.1,32.89199,-80.09946,,,,
9/16/2015,September,Set,2,C,11:16,18,5.12,8,4.3,26,5.13,7.66,4.1,26.1,32.89155,-80.09998,,,,
9/17/2015,September,Pull,2,S,10:49,15.4,5,7.16,3.9,25.7,4.76,6.89,3.7,25.6,32.89201,-80.09948,,,,
9/17/2015,September,Pull,2,C,10:53,17.5,4.95,7.4,4,25.7,4.93,7.08,3.8,25.6,32.89163,-80.10014,,,,
10/1/2015,October,Set,2,S,10:04,12.7,3.92,6.93,3.4,25.6,4.12,6.75,3.6,25.6,32.89202,-80.09943,,,,
10/1/2015,October,Set,2,C,10:06,17.4,3.32,7.37,4,25.6,4.06,7.24,3.9,25.6,32.8917,-80.10012,,,,
10/2/2015,October,Pull,2,S,10:32,11.5,4.51,4.501,2.4,24,4.2,4.191,2.3,24,32.89204,-80.09944,,,,
10/2/2015,October,Pull,2,C,10:38,15.4,5.03,5.36,2.9,24.2,4.33,5.14,2.8,24.2,32.89117,-80.09971,,,,
10/14/2015,October,Set,2,S,10:33,10.6,6.36,0.102,0.1,20.8,4.93,0.102,0.1,20.9,32.892,-80.09936,*Towed Citizen to city marina dock,,,
10/14/2015,October,Set,2,C,10:36,17.9,5.2,0.11,0.1,20.8,5.1,0.11,0.1,20.9,32.89163,-80.10007,,,,
10/15/2015,October,Pull ,2,S,11:48,7.8,5.12,0.1324,0.1,20.8,4.86,0.1319,0.1,20.8,32.89203,-80.09942,,,,
10/15/2015,October,Pull ,2,C,11:52,15.5,5.49,0.14,0.1,20.9,5.2,0.1414,0.1,21.1,32.89079,-80.09939,,,,
10/28/2015,October,Set,2,S,13:09,10.9,6.62,5.27,3.2,19.9,6,2.705,1.5,20,32.892,-80.0994,Changed from -80.0099,,,
10/28/2015,October,Set,2,C,13:10,17.1,6.42,6.29,3.9,19.8,6.19,4.313,2.6,19.8,32.89142,-80.0991,Changed from -80.0099,,,
10/29/2015,October,Pull ,2,S,11:18,15.1,16.04,3.537,2.1,20,5.73,2.96,1.9,20.1,32.89202,-80.0994,,,,
10/29/2015,October,Pull ,2,C,11:23,13.2,5.87,4.004,2.4,20.1,4.81,3.933,2.3,20.1,32.89036,-80.09928,,,,
5/14/2015,May,Set,3,S,12:31,7.8,3.63,0.949,0.5,24.6,3.59,0.858,0.4,24.5,32.88809,-80.07644,,,,
5/14/2015,May,Set,3,C,12:31,11.2,3.6,0.867,0.4,24.4,3.51,0.772,0.4,24.5,32.88784,-80.07695,,,,
5/15/2015,May,Pull,3,S,13:09,0.476,3.67,1.216,0.6,24.5,3.7,1.4,0.7,24.3,,,,,,
5/15/2015,May,Pull,3,C,13:09,10.9,3.58,1.246,0.6,24.3,3.56,1.155,0.6,24.4,,,,,,
5/26/2015,May,Set,3,S,12:02,8.8,3.69,3.666,1.9,25.8,3.83,3.608,1.9,25.9,32.88819,-80.07672,,,,
5/26/2015,May,Set,3,C,12:06,11.6,3.82,4,2.1,25.9,2.96,4.048,2.2,26,32.88769,-80.07697,*POT WALKED,,,
5/27/2015,May,Pull,3,S,11:53,5.9,3.69,2.853,1.5,26.9,2.86,2.687,1.4,27.9,,,,,,
5/27/2015,May,Pull,3,C,11:47,10.2,3.63,2.875,1.5,26.5,3.93,2.62,1.3,27.5,,,,,,
6/8/2015,June,Set,3,S ,11:05,9.1,4.5,3.661,2.1,26.6,4.4,3.594,2,26.7,32.88829,-80.07691,,,,
6/8/2015,June,Set,3,C,11:08,11.1,5,4.474,2.6,26.8,4.5,4.507,2.6,26.8,32.88757,-80.07769,,,,
6/9/2015,June,Pull,3,S,12:10,10.4,4.5,3.672,2.1,27.3,4.6,3.34,1.9,27.3,32.8829,-80.07691,,,,
6/9/2015,June,Pull,3,C,12:15,11.5,5,4.181,2.4,27.4,4.7,4.204,2.4,27.4,32.88758,-80.07758,,,,
6/22/2015,June,Set,3,S,11:17,9.6,3.9,5.86,3.4,31.5,3.8,5.39,3.1,31.7,32.88823,-80.07674,,,,
6/22/2015,June,Set,3,C,11:20,12.9,4.1,6.33,3.7,31.7,4,5.68,3.3,31.9,32.88764,-80.07755,,,,
6/23/2015,June,Pull,3,C,11:30,11.8,4.4,4.246,2.4,31.6,4.2,4.313,2.4,31.7,32.88763,-80.07768,,,,
6/23/2015,June,Pull,3,S,11:43,10.4,4.1,4.216,2.4,31.5,3.8,3.939,2.2,31.6,32.88824,-80.07681,,,,
7/7/2015,July,Set ,3,S,11:13,12.2,3.19,1.462,0.7,28.6,3.42,1.189,0.6,28.7,32.88818,-80.07664,,,,
7/7/2015,July,Set ,3,C,11:17,14.1,3.45,1.971,0.9,28.7,3.46,1.583,0.9,28.8,32.88781,-80.07732,,,,
7/8/2015,July,Pull,3,S,11:37,11.7,3.4,0.941,0.4,28.4,3.45,0.801,0.4,28.5,32.8882,-80.07673,,,,
7/8/2015,July,Pull,3,C,11:46,14.2,3.53,1.265,0.6,28.6,3.52,1.408,0.7,28.7,32.8878,-80.07742,,,,
7/21/2015,July,Set,3,S,12:03,9.8,3.4,5.94,2.9,30.4,3.41,5.76,2.8,30.5,32.88823,-80.07673,,,,
7/21/2015,July,Set,3,C,12:08,10.8,3.56,6.61,3.2,30.5,3.56,5.72,2.8,30.7,32.88723,-80.07732,,,,
7/22/2015,July,Pull,3,C,10:56,9.7,3.79,5.32,2.6,30.6,3.46,5.33,2.5,30.7,32.88735,-80.07742,,,,
7/22/2015,July,Pull,3,S,11:13,7,3.2,5.3,2.5,30.6,3.19,4.662,2.2,30.7,32.88823,-80.07664,,,,
8/5/2015,August,Set,3,S,11:12,10.8,3.52,9.95,5.1,29.2,3.56,9.32,4.8,29.3,32.8827,-80.07716,,,,
8/5/2015,August,Set,3,C,11:16,13.5,3.58,10.48,5.4,29.3,3.76,10.61,5.5,29.4,32.88777,-80.07771,,,,
8/6/2015,August,Pull,3,C,11:26,12.9,3.86,8.34,4.2,29.7,3.68,8.46,4.3,29.8,32.88776,-80.0779,,,,
8/6/2015,August,Pull,3,S,11:31,9.8,3.6,8.11,4.1,29.7,3.56,7.83,3.9,29.7,32.88825,-80.07717,,,,
8/19/2015,August,Set,3,S,10:25,10.8,4.06,16.96,9.2,28.7,4,16.66,9,28.8,32.88827,-80.07718,,,,
8/19/2015,August,Set,3,C,10:30,11,4.23,17.43,9.5,28.8,4.13,17.44,9.5,28.9,32.8874,-80.07752,,,,
8/20/2015,August,Pull,3,S ,10:00,12.9,3.88,14.01,7.3,29,3.9,13.68,7.2,29,32.8882,-80.07723,,,,
8/20/2015,August,Pull,3,C,10:05,10.4,3.97,14.75,7.9,29,3.98,14.83,7.9,29,32.88742,-80.07768,,,,
9/2/2015,September,Set,3,S,11:28,9.7,4.04,6.24,3.3,27,4,6.18,3.2,27.1,32.88824,-80.07677,,,,
9/2/2015,September,Set,3,C,11:32,12.3,4.16,6.4,3.3,27.1,4.1,6.16,3.2,27.1,32.88721,-80.07755,,,,
9/3/2015,September,Pull,3,C,11:17,12.9,4.19,3.11,3.1,27.6,4.05,5.69,2.9,27.7,32.88726,-80.07784,,,,
9/3/2015,September,Pull,3,S,11:26,13.2,4.6,5.95,3,27.7,4.16,5.85,3,27.7,32.88819,-80.07677,,,,
9/16/2015,September,Set,3,S,11:23,7.4,5.07,12.84,7.2,26.3,4.74,12.53,7,26.3,32.88821,-80.07668,,,,
9/16/2015,September,Set,3,C,11:26,12.1,5.23,12.94,7.2,26.3,5.11,10.68,5.9,26.3,32.88726,-80.07743,,,,
9/17/2015,September,Pull,3,S,11:07,12.5,5.03,12.26,6.9,25.9,4.9,11.96,6.7,25.9,32.88821,-80.07693,,,,
9/17/2015,September,Pull,3,C,11:18,12.2,5.12,12.57,7.1,25.9,4.98,10.26,5.7,25.8,32.88729,-80.07755,Walked,,,
10/1/2015,October,Set,3,S,10:17,7.2,4.46,12.14,6.8,25.7,5.78,11.86,6.6,25.7,32.88828,-80.07687,,,,
10/1/2015,October,Set,3,C,10:20,16.6,4.29,12.69,7.2,25.7,4.25,12.41,7.1,25.7,32.88778,-80.07716,,,,
10/2/2015,October,Pull,3,C,10:47,14.5,4.53,9.73,5.5,24.3,4.42,5.22,5.2,24.3,32.88767,-80.07742,,,,
10/2/2015,October,Pull,3,S,10:55,7.4,4.77,9.44,5.4,24.3,4.38,8.95,5.1,24.3,32.88827,-80.07677,,,,
10/14/2015,October,Set,3,S,10:46,10,5.6,0.145,0.1,21,5.34,0.144,0.1,21,32.88822,-80.07677,,,,
10/14/2015,October,Set,3,C,10:50,14.1,5.86,0.161,0.1,20.9,5.62,0.168,0.1,21,32.88754,-80.07719,,,,
10/15/2015,October,Pull ,3,S,12:00,7.7,5.14,0.1955,0.1,21,5,0.1898,0.1,21.1,32.88826,-80.07686,,,,
10/15/2015,October,Pull ,3,C,12:05,14.3,5.2,0.196,0.1,21.1,5.11,0.196,0.1,21.3,32.88755,-80.07748,,,,
10/28/2015,October,Set,3,S,13:18,7.4,6.15,9.68,6.1,20.1,5.82,7.14,4.4,20.4,32.88824,-80.07671,,,,
10/28/2015,October,Set,3,C,13:28,14.3,6.71,8.57,5.3,20.1,6.11,6.87,4.2,20.1,32.8876,-80.07683,,,,
10/29/2015,October,Pull ,3,S,11:34,14.1,6.72,6.76,4.1,20.3,6.15,6.52,4,20.3,32.8882,-80.07672,,,,
10/29/2015,October,Pull ,3,C,11:37,16.7,6.28,7.44,4.5,20.4,6.02,7.55,4.6,20.4,32.88766,-80.07696,,,,
5/14/2015,May,Set,4,S,12:08,7.5,3.65,2.72,1.4,24.3,3.8,2.58,1.3,24.3,32.87115,-80.06467,,,,
5/14/2015,May,Set,4,C,12:10,15.3,3.7,2.15,1.1,24.2,3.62,2.12,1.1,24.3,32.8703,-80.06508,,,,
5/15/2015,May,Pull,4,S,13:40,7.5,3.73,2.753,1.4,24.6,3.76,2.57,1.3,24.6,,,,,,
5/15/2015,May,Pull,4,C,13:40,NA,4,5.66,3.1,24.6,3.94,5.75,3.1,24.6,,,,,,
5/26/2015,May,Set,4,S,12:28,10.5,4.26,8.1,4.5,26.3,4.54,7.73,4.3,26.6,32.87113,-80.0646,,,,
5/26/2015,May,Set,4,C,12:37,17.5,4.1,8.63,4.8,26.2,4.27,8.6,4.8,26.2,32.87071,-80.06513,,,,
5/27/2015,May,Pull,4,S,12:18,8.6,4.27,6.53,3.6,27.1,4.14,6.47,3.5,27.2,,,,,,
5/27/2015,May,Pull,4,C,12:15,15.5,4.05,6.77,3.7,26.7,4.27,6.74,3.7,27.2,,,,,32.870385,-80.06478952
6/8/2015,June,Set,4,S,11:28,11.6,5,8.96,5.4,27,4.6,8.5,5.1,27,32.87115,-80.06467,,,,
6/8/2015,June,Set,4,C,11:34,17.7,5.1,9.68,5.8,27,4.7,9.32,5.6,27.1,32.87072,-80.06535,,,,
6/9/2015,June,Pull,4,S,12:34,11.1,4.9,8.56,5.1,27.5,4.7,8.04,4.8,27.4,32.8711,-80.0647,,,,
6/9/2015,June,Pull,4,C,12:40,17.5,5.2,9.49,5.7,27.5,4.9,9.33,5.6,27.5,32.87078,-80.0655,,,,
6/22/2015,June,Set,4,S,11:39,10.9,4.7,12.54,7.6,31.7,4.6,11.55,7,32,32.87116,-80.06474,*changed from 32.7116 lat by Asa Julien,,,
6/22/2015,June,Set,4,C,11:42,16.6,4.5,12.98,7.9,31.7,4.6,12.47,7.6,32.1,32.87069,-80.06554,,,,
6/23/2015,June,Pull,4,C,12:04,16.7,4.5,12,7.3,31.7,4.6,11.64,7.1,31.2,32.87086,-80.06571,,,,
6/23/2015,June,Pull,4,S,12:09,11.5,4.6,11.65,7.1,31.7,4.3,10.75,6.5,31.6,32.87119,-80.06466,,,,
7/7/2015,July,Set ,4,S,12:41,10,3.67,9.75,5,29.1,3.68,8.87,4.5,29.2,32.87117,-80.06477,,,,
7/7/2015,July,Set ,4,C,12:46,17.8,3.6,9.49,4.9,29.2,3.73,8.7,4.4,29.2,32.871,-80.06519,,,,
7/8/2015,July,Pull,4,S,12:07,10.9,3.51,4.33,2.2,29,3.48,3.95,1.9,29,32.8712,-80.06479,,,,
7/8/2015,July,Pull,4,C,12:12,17.2,3.62,5.26,2.6,29,3.63,5.29,2.6,29.1,32.87105,-80.06528,,,,
7/21/2015,July,Set,4,S,12:26,12.6,3.91,13.96,7.2,30.5,3.86,13.38,6.7,30.8,32.8711,-80.0646,,,,
7/21/2015,July,Set,4,C,12:31,17.8,3.77,14.34,7.4,30.6,4.2,14.03,7.1,31.2,32.87051,-80.0653,,,,
7/22/2015,July,Pull,4,C,11:35,17.1,3.85,15.86,7.9,30.7,3.89,14.7,7.5,31,32.87066,-80.06541,,,,
7/22/2015,July,Pull,4,S,11:40,11.9,3.91,15.02,7.7,30.8,3.79,14.35,7.4,30.8,32.87117,-80.06467,,,,
8/5/2015,August,Set,4,S,11:34,11.8,3.66,16.26,8.7,29.5,3.76,15.7,8.4,29.6,32.87114,-80.06463,,,,
8/5/2015,August,Set,4,C,11:39,17.4,3.79,17.24,9.2,29.6,3.94,16.81,8.9,29.7,32.87059,-80.0653,*WALKED,,,
8/6/2015,August,Pull,4,C,NA,17.3,3.86,15.61,8.2,29.9,3.83,15.36,8,29.9,32.87069,-80.065,,,,
8/6/2015,August,Pull,4,S,11:58,11,3.8,15.06,7.9,29.9,3.59,14.35,7.5,30,32.87117,-80.06463,,,,
8/19/2015,August,Set,4,S,10:48,12,4.36,22.75,12.6,28.8,4.23,22.09,12.2,28.9,32.87112,-80.0646,,,,
8/19/2015,August,Set,4,C,10:52,17.5,4.38,23.1,12.9,28.8,4.42,22.9,12.7,29,32.87042,-80.06531,,,,
8/20/2015,August,Pull,4,C,10:21,17,4.28,21.21,11.7,29.1,4.21,20.7,11.3,29.1,32.87054,-80.06535,,,,
8/20/2015,August,Pull,4,S,10:23,11.5,4.21,20.814,11.4,29.1,4,20.22,11.1,29.1,32.87114,-80.06046,,,,
9/2/2015,September,Set,4,S,11:50,13.9,4.17,8.54,4.5,27.2,3.95,8.24,4.4,27.3,32.87111,-80.06456,,,,
9/2/2015,September,Set,4,C,11:54,18.9,4.43,9.22,4.9,27.2,4.2,9.05,4.8,27.6,32.8705,-80.06534,*changed from -80.6534 lon by Asa Julien,,,
9/3/2015,September,Pull,4,C,9:43,10,4.1,6.61,3.4,27.5,4.01,6.62,3.4,27.4,32.85787,-80.05755,,,,
9/3/2015,September,Pull,4,S,11:46,13.9,4.84,7.35,3.8,27.6,3.15,7.11,3.7,27.6,32.87114,-80.06454,,,,
9/16/2015,September,Set,4,S,11:50,12.9,5.03,20.01,11.6,26.2,4.97,19.46,11.2,26.3,32.87119,-80.06464,*changed from 32.82119 lat by Asa Julien,,,
9/16/2015,September,Set,4,C,11:55,20.2,5.18,20.32,11.8,26.2,5.25,19.55,11.3,26.4,32.87047,-80.05513,,,,
9/17/2015,September,Pull,4,S,11:33,13.2,5.17,18.4,10.9,25.8,5.11,18.24,10.6,25.8,32.87113,-80.06463,,,,
9/17/2015,September,Pull,4,C,11:37,19.3,5.14,19.14,11.2,25.8,5.1,18.28,10.6,25.8,32.87049,-80.06521,,,,
10/1/2015,October,Set,4,S,10:38,13.2,4.43,18.52,10.7,25.8,4.03,18.02,10.5,25.8,32.87118,-80.087117,*changed from 32.871 lat by Asa Julien,,,
10/1/2015,October,Set,4,C,10:42,19,4.52,19.16,11.2,25.9,4.1,19.13,11.1,25.9,32.87053,-80.06532,,,,
10/2/2015,October,Pull,4,C,9:33,18.6,4.45,13.91,8.1,24.6,4.44,13.18,7.6,24.5,32.85917,-80.05802,,,,
10/2/2015,October,Pull,4,S,11:13,12.9,4.54,15.4,9.1,24.6,4.27,15,8.8,24.5,32.87118,-80.06473,,,,
10/14/2015,October,Set,4,S,11:08,13.7,5.21,0.171,0.1,21.2,5.15,0.174,0.1,21.2,32.87112,-80.06453,,,,
10/14/2015,October,Set,4,C,11:14,18.6,5.8,0.185,0.1,21.1,5.44,0.18,0.1,21.5,32.87052,-80.06536,,,,
10/15/2015,October,Pull ,4,S,12:20,13.8,4.86,0.244,0.1,21.2,4.91,0.238,0.1,21.2,32.87111,-80.06454,,,,
10/15/2015,October,Pull ,4,C,12:24,19.2,5.53,0.286,0.1,21.2,5.21,0.255,0.1,21.3,32.87049,-80.06454,,,,
10/28/2015,October,Set,4,S,13:40,12.7,6.11,11.52,7.3,20.4,5.99,9.79,6.2,20.4,32.87109,-80.06451,,,,
10/28/2015,October,Set,4,C,13:45,14.1,6.4,10.75,6.8,20.3,6.13,10.74,6.7,20.3,32.87083,-80.06487,,,,
10/29/2015,October,Pull ,4,S,11:57,15,5.66,13.13,8.3,20.8,5.5,12.54,7.9,20.8,32.87104,-80.06445,,,,
10/29/2015,October,Pull ,4,C,12:01,16.1,5.8,13.45,8.5,20.9,5.71,12.79,8.1,20.8,32.87071,-80.06467,,,,
5/14/2015,May,Set,5,S,11:52,11.4,4.04,5.5,3,24.5,4.04,5.03,2.7,24.5,32.84876,-80.05284,,,,
5/14/2015,May,Set,5,C,11:52,12.5,3.87,5.07,2.7,24.3,3.91,4.75,2.5,24.5,32.84889,-80.05184,,,,
5/15/2015,May,Pull,5,S,14:08,10.7,4.17,5.08,2.7,24.8,4.1,4.69,2.5,25,32.84914,-80.05216,,,,
5/15/2015,May,Pull,5,C,14:08,12.9,3.95,5.52,3,24.6,3.95,5.51,3,24.7,,,,,,
5/26/2015,May,Set,5,S,12:56,7.3,4.3,12.54,7.2,26.3,4.41,12.44,7.1,26.3,32.8487,-80.05294,,,,
5/26/2015,May,Set,5,C,12:52,16.3,4.35,13.35,7.7,26.2,4.55,12,7.5,26.3,32.84961,-80.05205,,,,
5/27/2015,May,Pull,5,S,12:34,13.8,4.47,11.9,6.8,26.6,4.3,11.4,6.5,26.7,,,,,,
5/27/2015,May,Pull,5,C,12:28,14.1,4.26,12.39,7,26.7,4.36,10.19,5.7,27,,,,,,
6/8/2015,June,Set,5,C,11:45,15.9,5.1,14.48,9,27.4,4.9,14.42,9,27.4,32.84956,-80.05232,,,,
6/8/2015,June,Set,5,S,11:49,7.5,5.3,13.72,8.5,27.3,4.9,13.39,8.3,27.3,32.84875,-80.05297,,,,
6/9/2015,June,Pull,5,S,12:51,15.6,5.2,13.59,8.4,27.7,5,12.97,8,27.7,32.84885,-80.05298,,,,
6/9/2015,June,Pull,5,C,10:25,11.8,4.6,8.67,5.1,27.3,4.6,8.2,4.9,27.3,32.84623,-80.04752,,,,
6/22/2015,June,Set,5,C,11:56,17.8,5,19.79,12.6,31.6,5,19.49,12.3,31.9,32.84944,-80.05202,,,,
6/22/2015,June,Set,5,S,12:00,9.3,4.8,19.66,12.5,31.6,4.8,19.38,12.3,31.7,32.84872,-80.05296,,,,
6/23/2015,June,Pull,5,C,12:18,17.5,5,19.19,12.1,31.5,5.5,18.25,11.5,31.7,32.84956,-80.05206,,,,
6/23/2015,June,Pull,5,S,12:27,15.7,5.4,19.12,12.1,31.5,5.1,18.44,11.6,31.6,32.84886,-80.05287,* Salinity (Top) changed from 116 to 11.6 by Asa Julien,,,
7/7/2015,July,Set ,5,S,12:58,8.5,3.92,17.34,9.3,29.4,3.89,17.23,9.2,29.4,32.84873,-80.05296,,,,
7/7/2015,July,Set ,5,C,13:03,17.6,4.14,18.32,9.9,29.5,4.14,18.14,9.8,29.5,32.84965,-80.05252,,,,
7/8/2015,July,Pull,5,C,12:21,16.6,3.85,11.52,6,29.2,3.87,11.6,6,29.2,32.84974,-80.05257,,,,
7/8/2015,July,Pull,5,S,12:29,13.5,3.88,11.56,6,29.2,3.86,10.85,5.6,29.3,32.84889,-80.05301,,,,
7/21/2015,July,Set,5,S,12:50,11.3,4.14,22.16,11.7,30.7,4.01,22.58,11.05,30.9,32.8487,-80.05289,,,,
7/21/2015,July,Set,5,C,12:53,16.8,4.12,22.54,12,30.7,4.56,21.01,11.1,31.1,32.8496,-80.0522,,,,
7/22/2015,July,Pull,5,C,11:51,17.7,4.2,21.36,11.3,30.8,4.12,21.12,11.2,30.9,32.84963,-80.05221,,,,
7/22/2015,July,Pull,5,S,11:59,8.8,4.12,21.25,11.3,30.8,4.01,20.64,10.9,30.8,32.84865,-80.0529,,,,
8/5/2015,August,Set,5,S,11:53,7.2,3.65,22.78,12.5,29.7,3.73,22.36,12.1,21.8,32.84874,-80.05302,,,,
8/5/2015,August,Set,5,C,11:56,17.1,3.69,32.88,13.1,29.7,3.76,23.77,13,29.8,32.84942,-80.05214,,,,
8/6/2015,August,Pull,5,C,12:14,16.7,4.1,22.26,12.1,30,4.06,22.34,12.1,30,32.84948,-80.05215,,,,
8/6/2015,August,Pull,5,S,12:20,7.5,4.14,21.96,11.9,29.9,3.99,21.47,11.6,30,32.84874,-80.05302,,,,
8/19/2015,August,Set,5,S,11:01,12.9,4.41,28.6,16.2,28.9,4.26,28.38,16,29,32.84877,-80.05293,,,,
8/19/2015,August,Set,5,C,11:05,16.8,4.32,28.91,16.4,28.9,4.23,28.87,16.4,28.9,32.84926,-80.05214,,,,
8/20/2015,August,Pull,5,C,10:30,15.7,4.26,26.67,15,29,4.19,26.43,14.8,29,32.84949,-80.05227,,,,
8/20/2015,August,Pull,5,S,,13.2,4.11,26.31,14.8,28.9,4.27,25.92,14.5,28.9,32.8488,-80.05298,,,,
9/2/2015,September,Set,5,S,12:05,11.2,3.63,15.06,8.3,27.7,3.75,14.35,7.9,27.6,32.84877,-80.05297,,,,
9/2/2015,September,Set,5,C,12:09,12,4.01,16.16,8.9,27.7,3.8,15.9,8.7,27.8,32.8494,-80.0522,,,,
9/3/2015,September,Pull,5,C,12:04,18,3.9,14.22,7.7,28.1,3.75,14.28,7.7,28.1,32.8495,-80.05234,,,,
9/3/2015,September,Pull,5,S,12:16,10.4,3.76,14.53,7.9,28.1,3.66,13.79,7.4,28.1,32.84883,-80.05301,,,,
9/16/2015,September,Set,5,S,12:05,9.4,5.25,25.52,15.2,26,5.22,24.9,14.2,26.2,32.84873,-80.05297,,,,
9/16/2015,September,Set,5,C,12:09,18.3,5.03,25.8,15.4,26,5.25,25.48,15.1,26.2,32.84946,-80.05211,,,,
9/17/2015,September,Pull,5,C,11:46,17.9,5.33,24.74,14.8,25.7,5.23,24.66,14.7,25.7,32.84946,-80.05211,,,,
9/17/2015,September,Pull,5,S,11:51,6.1,5.28,24.76,14.8,25.7,5,24.21,14.4,25.7,32.84872,-80.0597,,,,
10/1/2015,October,Set,5,C,10:50,19.2,3.95,25.7,15.3,26.1,3.83,25.71,15.3,26.1,32.84949,-80.05216,,,,
10/1/2015,October,Set,5,S,10:55,9.3,3.87,24.85,14.8,26,3.81,24.91,14.8,26,32.84873,-80.05296,,,,
10/2/2015,October,Pull,5,C,11:21,18.9,4.53,21.21,12.8,24.6,4.52,21.18,12.8,24.5,32.84962,-80.05222,,,,
10/2/2015,October,Pull,5,S,11:24,13.1,4.55,20.43,12.3,24.6,4.54,19.92,11.9,24.7,32.84877,-80.05292,,,,
10/14/2015,October,Set,5,S,11:27,10.6,5.71,0.212,0.1,21.2,5.26,0.21,0.1,21.5,32.84871,-80.05293,,,,
10/14/2015,October,Set,5,C,11:30,19.1,5.86,0.34,0.2,21.3,5.37,0.232,0.1,22,32.84936,-80.05179,,,,
10/15/2015,October,Pull ,5,S,12:32,11.7,5.36,1.514,0.9,21.4,5.15,0.772,0.4,21.8,32.84868,-80.05288,,,,
10/15/2015,October,Pull ,5,C,12:38,19.3,6,2.332,1.2,21.5,5.48,0.647,0.3,21.5,32.84937,-80.0517,,,,
10/28/2015,October,Set,5,S,13:58,13.2,6.07,13.55,8.7,20.6,5.88,13.18,8.4,20.6,32.84867,-80.0528,,,,
10/28/2015,October,Set,5,C,14:06,16.2,5.98,12.86,8.2,20.4,5.95,12.64,8.1,20.4,32.84914,-80.05193,,,,
10/29/2015,October,Pull ,5,S,12:12,18.4,6.44,17.6,11.3,21.1,6.06,16.35,10.5,21.2,32.84927,-80.05183,,,,
10/29/2015,October,Pull ,5,C,12:20,14.2,6.06,17.4,11.2,21.1,5.85,15.84,10.2,21.1,32.84868,-80.05286,,,,
5/14/2015,May,Set,6,S,11:35,9.3,4.09,10.85,6.2,24.5,4.18,8.65,5.6,24.6,32.83891,-80.02761,,,,
5/14/2015,May,Set,6,C,11:39,7.4,4.02,10.35,5.8,24.5,4.1,10.3,5.8,24.5,32.83815,-80.02804,,,,
5/15/2015,May,Pull,6,S,14:43,9.9,4.31,12.63,7.2,25.1,4.26,12.5,7.2,25.3,,,,,,
5/15/2015,May,Pull,6,C,14:43,7.8,4.6,12.25,7,25.1,4.5,12.22,7,25.1,,,,,,
5/26/2015,May,Set,6,S,13:07,12.8,4.65,21.89,13.1,26.4,5.08,19.19,11.4,27.3,32.83927,-80.02808,,,,
5/26/2015,May,Set,6,C,13:12,10.7,4.77,21.22,12.7,26.5,4.89,21.21,12.7,26.7,32.83808,-80.02917,,,,
5/27/2015,May,Pull,6,S,12:54,11.2,4.28,17.58,10.3,26.9,4.69,16.24,9.5,27.8,,,,,,
5/27/2015,May,Pull,6,C,12:48,9.3,4.58,19.1,11.3,26.6,4.86,16.95,9.9,27.3,,,,,,
6/8/2015,June,Set,6,S,12:00,14,5.2,23.78,15.5,27.8,4.9,21.78,14.1,28,32.83929,-80.02796,,,,
6/8/2015,June,Set,6,C,12:04,12.2,5.4,23.64,15.4,28,4.9,23.47,15.3,28.1,32.83818,-80.02972,,,,
6/9/2015,June,Pull,6,C,13:02,11.8,5.1,23.41,15.2,28.3,5.2,22.96,14.9,28.4,32.83829,-80.02959,,,,
6/9/2015,June,Pull,6,S,13:09,13.6,5.4,23.47,15.2,28.5,5.3,22.26,14.4,28.5,32.83931,-80.02804,,,,
6/22/2015,June,Set,6,S,12:14,13.9,5.4,27.3,17.9,31.8,3.8,26.08,16.9,32.8,32.83917,-80.02789,,,,
6/22/2015,June,Set,6,C,12:17,12,5,27.3,17.9,31.6,5.3,26.75,17.4,32.4,32.83844,-80.02895,,,,
6/23/2015,June,Pull,6,C,12:38,11.6,5.4,26.93,17.6,31.4,5.4,26.81,17.5,31.5,32.83842,-80.02895,,,,
6/23/2015,June,Pull,6,S,12:47,14.1,5.6,26.95,17.6,31.5,6.3,24.67,16,32,32.83992,-80.02786,,,,
7/7/2015,July,Set ,6,S,13:15,14.7,3.92,26.89,14.9,29.8,4.15,26.05,14.2,30.2,32.83941,-80.02842,,,,
7/7/2015,July,Set ,6,C,13:20,13.5,4.09,28.04,15.6,29.8,4.29,28.17,15.6,30.1,32.83904,-80.02936,,,,
7/8/2015,July,Pull,6,S,12:41,13.8,4.09,24.16,13.3,29.6,3.99,21.2,11.5,29.7,32.83949,-80.02837,,,,
7/8/2015,July,Pull,6,C,12:27,12.8,4.13,24.64,13.6,29.6,4.11,24.37,13.4,29.8,32.83905,-80.02945,,,,
7/21/2015,July,Set,6,S,13:08,12.9,3.9,30.99,17,31,4.93,26.25,13.8,32.1,32.83904,-80.02763,,,,
7/21/2015,July,Set,6,C,13:13,11.5,3.79,31.43,17.2,31,5.48,28.65,15.3,31.9,32.83781,-80.02869,,,,
7/22/2015,July,Pull,6,S,12:17,13.6,4.14,30.53,16.7,31,4.71,27.91,14.9,31.5,32.83901,-80.02769,,,,
7/22/2015,July,Pull,6,C,12:26,11.5,4.03,30.89,16.9,31.5,5.04,28.74,15.3,31.4,32.83784,-80.02882,,,,
8/5/2015,August,Set,6,S,12:08,13.8,3.53,31.41,17.5,30.2,3.57,30.27,16.8,30.3,32.83928,-80.02805,,,,
8/5/2015,August,Set,6,C,12:12,12.2,3.6,31.38,17.6,29.9,3.5,31.24,17.4,30.2,32.83846,-80.02924,,,,
8/6/2015,August,Pull,6,C,12:31,12,3.83,30.96,17.2,30.2,3.85,30.48,16.9,30.3,32.83857,-80.02921,,,,
8/6/2015,August,Pull,6,S,12:41,13.4,3.95,30.23,17.3,30.4,4.01,31.07,17.2,30.4,32.83932,-80.02801,,,,
8/19/2015,August,Set,6,S,11:15,13.1,3.96,35.14,20.3,28.9,3.93,34.02,19.7,29,32.83944,-80.02831,,,,
8/19/2015,August,Set,6,C,11:18,11.7,3.95,35.89,20.9,28.8,4.45,34.7,19.9,29.3,32.83833,-80.02935,,,,
8/20/2015,August,Pull,6,S,10:44,12.8,4.12,33.27,19.1,29,4.31,31.35,17.9,29,32.83943,-80.02823,,,,
8/20/2015,August,Pull,6,C,10:48,11.5,4.29,33.46,19.2,29,4.28,33.32,19.1,29,32.82789,-80.0089,,,,
9/2/2015,September,Set,6,S,12:38,15,3.01,27.76,15.9,28.3,3.85,25.12,13.9,29.3,32.83945,-80.02825,,,,
9/2/2015,September,Set,6,C,12:42,13.8,3.01,28.08,16.1,28.4,3.65,26.91,14.9,29.5,32.839,-80.02937,,,,
9/3/2015,September,Pull,6,S,12:27,15.5,3.14,26.23,14.8,28.8,3.65,23.51,13.1,29.2,32.8395,-80.0825,,,,
9/3/2015,September,Pull,6,C,12:36,13.7,3.18,27.09,15.3,28.8,4.07,24.82,13.6,29.9,32.83847,-80.0297,,,,
9/16/2015,September,Set,6,S,12:20,13.1,4.98,30.91,8.7,26.2,5.14,30.38,18.3,26.4,32.83924,-80.02769,,,,
9/16/2015,September,Set,6,C,,,5.44,31.17,18.9,26.2,5.64,30.36,18.3,26.4,,,,,,
9/17/2015,September,Pull,6,S,12:04,14,5.11,30.58,18.6,25.9,5.25,30,18.2,25.9,32.83929,-80.02794,,,,
9/17/2015,September,Pull,6,C,12:10,12.6,5.14,30.93,18.9,25.8,5.37,30.41,18.5,25.8,32.83797,-80.02882,,,,
10/1/2015,October,Set,6,S,11:07,15.6,3.55,33.61,20.4,26.4,3.25,33.08,16.3,26.4,32.83929,-80.02799,,,,
10/1/2015,October,Set,6,C,11:12,14.1,3.27,34.13,20.8,26.4,3.31,33.94,20.7,26.4,32.83839,-80.02908,,,,
10/2/2015,October,Pull,6,S,11:39,16.2,4.38,29.701,18.4,24.9,4.37,28.86,17.8,24.8,32.83924,-80.02809,,,,
10/2/2015,October,Pull,6,C,11:46,13.9,4.5,29.08,18,24.9,4.33,28.94,17.9,24.9,32.83835,-80.02916,,,,
10/14/2015,October,Set,6,S,11:41,12.7,4.99,7.68,4.3,22,5.05,2.667,1.2,22,32.83933,-80.02763,,,,
10/14/2015,October,Set,6,C,11:44,12.4,6.06,6.5,3.6,21.9,5.77,2.023,1,22.6,32.83865,-80.02889,,,,
10/15/2015,October,Pull ,6,S,12:56,10,5.82,11.72,6.7,22.3,5.4,8.13,4.5,22.2,32.83918,-80.02738,,,,
10/15/2015,October,Pull ,6,C,13:01,11.7,6.31,11.48,6.5,22.2,5.92,6.21,3.4,22.3,32.83771,-80.02815,,,,
10/28/2015,October,Set,6,S,14:14,10.8,6.33,15.99,10.3,20.7,6.28,16,10.3,20.8,32.83916,-80.02757,,,,
10/28/2015,October,Set,6,C,14:20,9.8,6.86,15.31,9.8,20.6,6.4,15.24,9.8,20.8,32.83847,-80.02834,,,,
10/29/2015,October,Pull ,6,S,12:36,11,5.82,20.8,13.5,21.3,5.46,16.65,10.5,21.7,32.83899,-80.02726,,,,
10/29/2015,October,Pull ,6,C,12:43,12.4,6.11,20.63,13.4,21.3,5.9,19.53,12.5,21.8,32.83834,-80.02808,,,,
5/14/2015,May,Set,7,S,11:20,5.9,3.84,19.2,11.4,24.6,4,19.13,11.4,24.6,32.82577,-80.0078,*Changed from -79.0078 longitude (!!!) by Asa Julien,,,
5/14/2015,May,Set,7,C,11:20,10,4.12,17.65,10.4,24.7,4.14,17.45,10.3,24.7,32.82796,-80.0078,,,,
5/15/2015,May,Pull,7,S,15:00,9.5,4.19,19.87,11.8,24.8,4.28,19.11,11.3,25.4,,,,,,
5/15/2015,May,Pull,7,C,15:00,14.3,4.17,20.99,12.5,25,4.38,20.33,12.3,25.2,,,,,,
5/26/2015,May,Set,7,S,13:21,5.7,4.23,27.6,16.9,25.9,4.21,27.84,16,26.1,32.82562,-80.0074,,,,
5/26/2015,May,Set,7,C,13:25,15.9,4.38,28.02,17.2,26,5.05,25.5,15.6,26.6,32.8279,-80.00858,,,,
5/27/2015,May,Pull,7,S,13:06,5.2,4.57,26.36,16.3,26.6,4.85,21.78,13.1,27.9,,,,,,
5/27/2015,May,Pull,7,C,13:11,13.5,4.68,27.56,16.9,26.6,5.23,22.55,13.5,27.7,,,,,,
6/8/2015,June,Set,7,S,12:10,10.4,4.8,30.01,20,27.8,4.6,27.98,17.1,28,32.82574,-80.0077,,,,
6/8/2015,June,Set,7,C,12:13,20.9,4.8,30.49,20.4,28,4.6,29.08,19.3,28.3,32.82825,-80.008,,,,
6/9/2015,June,Pull,7,S,13:20,11.2,5,29.9,19.9,28.2,4.7,27.73,18.4,28.3,32.82576,-80.00767,,,,
6/9/2015,June,Pull,7,C,13:29,20.5,5.5,30.62,20.4,28.4,5.6,29.22,19.4,28.6,32.82835,-80.00819,,,,
6/22/2015,June,Set,7,S,12:28,7.2,4.7,32.77,21.9,31.4,5.1,28.89,19.1,32.3,32.82563,-80.00758,Changed from -80.6076,,,
6/22/2015,June,Set,7,C,12:32,10.6,4.6,33.41,22.3,31.4,6,30.41,20.1,32.5,32.82778,-80.00843,,,,
6/23/2015,June,Pull,7,S,13:01,5.6,5,33.13,22.2,31.3,5,32.35,21.6,31.5,32.82552,-80.00748,,,,
6/23/2015,June,Pull,7,C,13:10,14.5,4.2,33.99,22.8,31.3,5.8,30.83,20.4,31.6,32.82785,-80.00854,,,,
7/7/2015,July,Set ,7,S,13:33,12.5,3.83,33.1,18.7,29.7,4.17,32.32,18.2,29.8,32.8251,-80.00758,,,,
7/7/2015,July,Set ,7,C,13:36,13.6,3.79,33.42,19,29.6,4.31,32.41,18.3,30,32.82789,-80.00845,,,,
7/8/2015,July,Pull,7,S,12:58,14.8,3.51,31.4,17.8,29.4,3.84,38.94,16,29.9,32.8259,-80.00754,,,,
7/8/2015,July,Pull,7,C,13:07,15,3.87,31.89,18,29.6,4.2,29.77,16.6,30,32.82788,-80.00854,,,,
7/21/2015,July,Set,7,S,13:41,8.8,3.5,34.6,19.1,31.1,6.37,30.66,16.2,32.3,32.8258,-80.00729,,,,
7/21/2015,July,Set,7,C,13:54,15.4,3.39,35.47,19.7,31,5.21,32.23,17.1,32.2,32.82791,-80.00751,,,,
7/22/2015,July,Pull,7,S,12:41,6.7,3.61,35.35,19.6,31,3.74,33.66,18.5,31.2,32.82568,-80.00726,,,,
7/22/2015,July,Pull,7,C,13:53,15.6,3.62,36.07,20.1,31,4.53,33.43,18.3,31.4,32.82781,-80.00768,,,,
8/5/2015,August,Set,7,S,12:22,7.7,3.34,36.47,20.8,29.9,3.33,36.06,20.6,30.1,32.8256,-80.00746,,,,
8/5/2015,August,Set,7,C,12:26,11.1,3.3,36.82,20.9,30,3.2,36.45,20.7,30,32.82778,-80.00827,,,,
8/6/2015,August,Pull,7,S,12:56,8.6,3.45,36.47,20.6,30.3,3.8,34.98,19.6,30.5,32.82573,-80.00742,,,,
8/6/2015,August,Pull,7,C,13:01,11.9,3.62,36.82,20.8,30.3,4.15,35.95,20.2,30.6,32.82789,-80.00827,,,,
8/19/2015,August,Set,7,S,11:27,7.2,3.89,39.12,22.9,28.9,3.91,38.81,22.7,28.8,32.82557,-80.00757,,,,
8/19/2015,August,Set,7,C,11:31,14.5,3.89,39.5,23.1,28.9,4.32,38.05,22,29.3,32.82567,-80.00748,,,,
8/20/2015,August,Pull,7,S,10:57,7.3,3.9,37.9,22,29.1,4.48,34.72,20,29.1,32.82567,-80.00748,,,,
8/20/2015,August,Pull,7,C,11:02,17.7,3.98,38.59,22.5,29.1,4.48,36.73,21.4,29,32.82789,-80.0089,,,,
9/2/2015,September,Set,7,S,12:50,10.6,2.73,34.09,19.9,28.4,2.78,32.59,18.9,28.8,32.82564,-80.00769,,,,
9/2/2015,September,Set,7,C,12:54,20.6,2.72,34.72,20.3,28.5,3.62,30.06,16.7,30,32.82822,-80.00858,,,,
9/3/2015,September,Pull,7,S,12:49,11.1,2.76,33.57,19.3,29,2.99,31.79,18.2,29.2,32.82568,-80.00771,,,,
9/3/2015,September,Pull,7,C,13:01,21.6,3,34.19,19.7,29,3.02,33.58,19.1,29,32.82821,-80.00846,,,,
9/16/2015,September,Set,7,S,12:43,9.3,5,33.57,20.4,26.3,5.46,32.85,19.9,26.4,32.82571,-80.00766,,,,
9/16/2015,September,Set,7,C,12:49,,5.08,33.75,20.5,26.3,5.6,33.53,20.3,26.5,32.82571,-80.00766,,,,
9/17/2015,September,Pull,7,S,12:19,8.5,4.78,34.15,21,26,5.32,32.9,20.2,26,32.82559,-80.0077,,,,
9/17/2015,September,Pull,7,C,12:26,19.8,4.83,34.56,21.2,26,5.18,33.59,20.6,26,32.828,-80.00864,,,,
10/1/2015,October,Set,7,S,11:22,10.6,3.53,37.73,23.1,26.5,3.35,36.65,22.4,26.5,32.82568,-80.00758,,,,
10/1/2015,October,Set,7,C,11:27,21.5,3.67,38.43,23.6,26.6,3.23,37.64,22.8,26.5,32.82825,-80.00871,,,,
10/2/2015,October,Pull,7,S,11:56,9.4,4.4,32.92,20.6,25,4.45,32.73,20.5,24.9,32.82546,-80.00777,,,,
10/2/2015,October,Pull,7,C,12:02,21.1,4.35,34.31,21.5,25.1,4.51,32.65,20.4,24.9,32.82817,-80.00874,,,,
10/14/2015,October,Set,7,S,11:50,9.3,5.24,10.37,5.8,22.2,5.31,3.339,1.8,22.8,32.82558,-80.00761,,,,
10/14/2015,October,Set,7,C,12:02,15.9,5.36,10.93,6.2,22.2,5.14,6.23,3.4,22.8,32.82793,-80.00784,,,,
10/15/2015,October,Pull ,7,S,13:13,9,5.92,6.21,3.4,22.3,5.93,7.93,4.4,23,32.82853,-80.00729,,,,
10/15/2015,October,Pull ,7,C,13:26,10.8,5.28,14.12,8.2,22.5,5.41,10.55,6,23.1,32.82813,-80.00652,,,,
10/28/2015,October,Set,7,S,14:28,9.1,6.21,18.46,12,21,5.9,16.29,10.3,21.5,32.82588,-80.00765,,,,
10/28/2015,October,Set,7,C,14:33,10.3,6.5,17.61,11.4,21,6.28,17.58,11.4,20.8,32.8277,-80.0082,,,,
10/29/2015,October,Pull ,7,S,12:54,12.4,6.34,22.05,14.4,21.2,6.07,20.25,12.9,22.1,32.82592,-80.00758,,,,
10/29/2015,October,Pull ,7,C,13:02,11.2,6.15,21.51,14,21.4,5.99,20.75,13.2,22.2,32.8278,-80.0081,,,,
5/14/2015,May,Set,8,S,11:02,8.6,4.5,23.75,14.4,24.6,4.13,23.71,14.4,24.6,32.83507,-79.98759,,,,
5/14/2015,May,Set,8,C,11:11,12.5,4.12,23.75,14.2,24.7,4.07,23.32,14.1,24.7,32.83697,-79.98702,,,,
5/15/2015,May,Pull,8,S,15:20,19.6,4.32,24.75,15,25.6,4.35,25.31,15.5,25.2,,,,,,
5/15/2015,May,Pull,8,C,15:20,19.3,4.24,27.62,17,24.7,4.2,27.52,16.9,24.8,,,,,,
5/26/2015,May,Set,8,S,13:36,7,4.44,30.79,19.1,25.9,4.82,26.76,16.2,27.2,32.83492,-79.9878,,,,
5/26/2015,May,Set,8,C,13:33,23,4.53,31.36,19.5,25.9,5.62,29.48,18.2,26.9,32.83717,-79.98735,,,,
5/27/2015,May,Pull,8,S,13:19,10.2,4.36,31.39,19.5,26.5,5.16,25.35,15.4,28.6,,,,,,
5/27/2015,May,Pull,8,C,13:25,21.2,4.53,31.19,19.5,26.5,5.66,26.59,16.2,27.4,,,,,,
6/8/2015,June,Set,8,S,12:24,8.2,5,31.45,21.1,27.8,4.9,29.2,19.4,28.8,32.83465,-79.98817,,,,
6/8/2015,June,Set,8,C,12:27,16.1,4.7,33.52,22.6,28,4.6,33.01,22.2,28.8,32.83465,-79.98817,,,,
6/9/2015,June,Pull,8,S,13:40,9.5,5.4,33.36,22.4,28.5,5.1,30.19,20.1,28.7,32.83477,-79.98812,,,,
6/9/2015,June,Pull,8,C,13:48,18.5,5.5,33.82,22.8,28.5,5.3,32.16,21.6,28.5,32.83706,-79.98714,Changed from -79.871 long by Asa Julien,,,
6/22/2015,June,Set,8,S,12:39,6.8,4.6,34.69,23.2,31.5,6,30.97,20.7,32.3,32.83466,-79.98798,,,,
6/22/2015,June,Set,8,C,12:54,25.7,4.4,36.32,24.5,31.4,6.8,34.38,23,32.2,32.83724,-79.98724,,,,
6/23/2015,June,Pull,8,S,13:25,9.1,5.7,34.99,23.6,31.5,5.5,34.74,23.4,31.5,32.83495,-79.98779,,,,
6/23/2015,June,Pull,8,C,13:34,27.6,4.8,36.52,24.7,31.5,6.9,34.98,23.5,31.8,32.83754,-79.98741,Pot in Channel Spot ,,,
7/7/2015,July,Set ,8,S,13:44,24,3.93,35.82,20.4,29.7,4.25,33.43,18.6,30.4,32.83458,-79.98768,,,,
7/7/2015,July,Set ,8,C,13:49,18,3.81,36.5,20.9,29.6,4.25,33.3,18.6,30.3,32.83697,-79.98684,,,,
7/8/2015,July,Pull,8,S,13:19,21.2,3.82,35.18,20.1,29.7,4.12,28.63,15.6,31,32.8355,-79.98744,,,,
7/8/2015,July,Pull,8,C,13:30,21.8,3.85,35.5,20.2,29.7,4.35,34.31,19.3,30.2,32.83709,-79.98705,,,,
7/21/2015,July,Set,8,S,14:15,8.9,6.18,33.4,18,32.1,7.22,33.71,18,32.1,32.83508,-79.98753,,,,
7/21/2015,July,Set,8,C,14:20,16.9,3.67,37.66,21,31.1,5.63,35.46,19.2,32.3,32.83693,-79.98743,,,,
7/22/2015,July,Pull,8,S,13:04,8.5,3.66,36.27,20.2,31,4.62,31.86,16.8,32.9,32.83505,-79.98743,,,,
7/22/2015,July,Pull,8,C,13:18,16.8,4.05,38.02,21.2,31.1,5.08,32.54,17.7,32.9,32.83688,-79.9873,,,,
8/5/2015,August,Set,8,S,12:33,8.8,3.1,37.24,21.4,29.9,3.59,36.51,20.4,30.8,32.83444,-79.98785,Changed from -80.9879 long (!!!) by Asa Julien,,,
8/5/2015,August,Set,8,C,12:37,16.2,3.35,39.35,22.6,30,3.41,39.45,22.5,30.2,32.83687,-79.98721,,,,
8/6/2015,August,Pull,8,S,13:10,8.5,3.28,37.72,21.4,30.2,3.72,36.72,20.7,30.5,32.83466,-79.98773,Changed from 32.03466 latitude (!!!) by Asa Julien,,,
8/6/2015,August,Pull,8,C,13:19,7.3,3.77,39.59,22.5,30.4,3.81,39.55,22.5,30.4,32.83694,-79.98723,Changed from -78.9872  long by Asa Julien,,,
8/19/2015,August,Set,8,S,11:42,9.7,4.14,40.45,23.8,29,3.97,39.99,23.3,29.2,32.83483,-79.98793,,,,
8/19/2015,August,Set,8,C,11:46,19.9,3.73,40.98,24.1,28.9,4.58,40.05,23.4,29.7,32.83703,-79.9877,,,,
8/20/2015,August,Pull,8,S,11:11,23.9,4.12,39.64,23.1,29.1,4.07,37.95,22.1,29.1,32.83506,-79.98779,,,,
8/20/2015,August,Pull,8,C,11:16,19.8,4.01,40.42,23.6,29.1,4.46,39.56,23.1,29.1,32.83704,-79.98782,,,,
9/2/2015,September,Set,8,S,13:03,9.1,2.96,37.92,22.3,28.6,3.61,30.59,17.2,29.9,32.83464,-79.98822,,,,
9/2/2015,September,Set,8,C,13:08,20.6,3.03,38.96,23,28.6,3.23,34.42,19.8,28.9,32.83784,-79.98836,,,,
9/3/2015,September,Pull,8,S,13:17,20.1,3.22,37.02,21.4,29.1,3.76,30.91,17.2,30.1,32.83487,-79.98832,,,,
9/3/2015,September,Pull,8,C,,20.6,3.23,38.26,22.2,29.2,3.99,31.01,17.2,30.4,32.83788,-79.98835,,,,
9/16/2015,September,Set,8,S,12:56,7.2,5.33,34.76,21.3,26.2,5.77,34.08,20.8,26.5,32.83485,-79.98799,Specific conductance [mS/cm],,,
9/16/2015,September,Set,8,C,13:02,18.7,5.01,35.79,21.9,26.5,6.08,34.38,20.8,26.7,32.83791,-79.98833,Specific conductance [mS/cm],Changed from 32.8591 latitude by Asa Julien,,
9/17/2015,September,Pull,8,S,,7.8,4.96,36.11,22.3,26.1,5.51,32.79,20.2,25.8,32.83488,-79.98782,Specific conductance [mS/cm],,,
9/17/2015,September,Pull,8,C ,12:48,21.8,4.86,34.46,22.5,26.2,5.58,33.26,20.7,25.9,32.83769,-79.98837,Specific conductance [mS/cm],,,
10/1/2015,October,Set,8,S,11:35,9.7,3.14,37.07,23.2,26.6,3.29,36.69,22.2,26.5,32.83494,-79.98767,Specific conductance [mS/cm],,,
10/1/2015,October,Set,8,C,11:43,20.5,3.72,41.1,25.4,26.7,3.71,41.07,25.4,26.6,32.83823,-79.98865,Specific conductance [mS/cm],,,
10/2/2015,October,Pull,8,S,12:15,9.5,4.68,34.51,21.6,25.1,5.08,30.46,19.1,24.5,32.83488,-79.98777,Specific conductance [mS/cm],,,
10/2/2015,October,Pull,8,C,12:19,20,4.43,36.8,23.1,25.3,4.43,36.8,23.1,25.3,32.83815,-79.98886,Specific conductance [mS/cm],,,
10/14/2015,October,Set,8,S,12:11,11.5,5.3,10.38,6,22.3,5.75,5.76,3.1,23.8,32.83513,-79.98741,Specific conductance [mS/cm],,,
10/14/2015,October,Set,8,C,12:16,14.5,5.72,12.56,7,22.4,5.75,8.46,4.7,24.6,32.83679,-79.98767,Specific conductance [mS/cm],,,
10/15/2015,October,Pull ,8,S,13:33,15.9,8.82,0.14,0.1,21.8,5.83,11.27,6.4,23.1,32.83532,-79.98707,Specific conductance [mS/cm],,,
10/15/2015,October,Pull ,8,C,13:39,13.1,5.82,17.89,10.6,22.7,5.86,12.58,7.2,23.3,32.83672,-79.9875,Specific conductance [mS/cm],,,
10/28/2015,October,Set,8,S,14:45,8.3,6.6,19.64,12.8,21,6.45,19.62,12.7,21.2,32.83505,-79.98772,Specific conductance [mS/cm],,,
10/28/2015,October,Set,8,C,14:51,15.6,5.15,19.86,13,20.9,5.22,19.12,12.5,20.9,32.83797,-79.9877,Specific conductance [mS/cm],,,
10/29/2015,October,Pull ,8,S,13:17,15.9,6,22.55,14.7,21.4,5.67,21.48,13.8,21.9,32.83523,-79.9873,Specific conductance [mS/cm],,,
10/29/2015,October,Pull ,8,C,13:25,18.9,6.34,23.03,15.1,21.3,5.96,20.43,13,22.3,32.83797,-79.98749,Specific conductance [mS/cm],,,
5/14/2015,May,Set,9,S,10:19,7.1,2.41,33.56,21,23.8,3.86,32.5,20.3,24.2,32.78814,-79.96387,Specific conductance [mS/cm],,,
5/14/2015,May,Set,9,C,10:19,18.7,4.08,32.69,20.4,24.5,4.2,31.96,19.9,24.6,32.78691,-79.96477,Specific conductance [mS/cm],,,
5/15/2015,May,Pull,9,S,15:56,10.6,4.55,34.2,21.5,24.5,4.53,34.22,21.5,24.7,,,Specific conductance [mS/cm],,,
5/15/2015,May,Pull,9,C,15:56,23.4,4.62,37.31,22.2,24.3,4.44,34.92,22,24.5,,,Specific conductance [mS/cm],,,
5/26/2015,May,Set,9,S,13:55,8.1,4.82,25.46,22.3,26.4,5,35.35,22.2,26.6,32.78861,-79.96436,Specific conductance [mS/cm],,,
5/26/2015,May,Set,9,C,14:01,26.7,5.03,35.55,22.4,26,5.31,35.47,22.3,26.2,32.7869,-79.96609,Specific conductance [mS/cm],,,
5/27/2015,May,Pull,9,S,13:54,7.9,4.9,35.61,22.4,26.6,5.02,34.94,21.9,26.9,,,Specific conductance [mS/cm],,,
5/27/2015,May,Pull,9,C,13:47,25.5,5.3,36.08,22.7,26.6,5.1,35.7,22.5,26.8,,,Specific conductance [mS/cm],,,
6/8/2015,June,Set,9,S,13:52,6.4,5.3,39.03,26.8,27.3,5.6,38.46,26.3,28.1,32.78878,-79.96426,Specific conductance [mS/cm],,,
6/8/2015,June,Set,9,C,12:45,26.2,5.6,39.39,27.1,27.5,5.8,39.31,27,27.7,32.78691,-79.96582,Specific conductance [mS/cm],,,Changed from 32.87691 lat
6/9/2015,June,Pull,9,C,14:42,26.4,5.9,39.05,26.8,27.8,6,38.89,26.6,28.1,32.78719,-79.96609,Walked,,,
6/9/2015,June,Pull,9,S,14:54,4.6,5.6,38.45,26.3,28.1,5.9,28.24,26.1,28.3,32.7889,-79.96429,Specific conductance [mS/cm],,,
6/22/2015,June,Set,9,S,13:23,7,5.5,39.76,27.1,31.6,6.2,39.51,26.9,32,32.78878,-79.96455,Specific conductance [mS/cm],,,
6/22/2015,June,Set,9,C,13:26,27,5,40.18,27.5,30.9,6.5,39.49,26.9,31.2,,,Specific conductance [mS/cm],,,
6/23/2015,June,Pull,9,C,14:09,26.7,5.6,39.66,27.1,30.8,7,38.77,26.4,30.9,32.78781,-79.96668,Specific conductance [mS/cm],,,
6/23/2015,June,Pull,9,S,14:22,6.4,7.1,38.9,26.5,31.3,7.7,38.95,26.5,31.6,32.78887,-79.96445,Specific conductance [mS/cm],,,
7/7/2015,July,Set ,9,C,14:10,19.8,5.32,39.78,23.2,29.1,5.91,39.63,22.9,29.6,32.78757,-79.96529,Specific conductance [mS/cm],,,
7/7/2015,July,Set ,9,S,14:15,8.07,5.82,39.19,22.6,29.6,6.14,39.43,22.5,30.1,32.78846,-79.96387,Specific conductance [mS/cm],,,
7/8/2015,July,Pull,9,C,13:45,19.7,4.79,39.58,23.1,29.2,5.35,39.16,22.6,29.6,32.78775,-79.96538,Specific conductance [mS/cm],,,
7/8/2015,July,Pull,9,S,13:57,6.9,4.75,39.33,22.9,29.2,5.21,39.09,22.5,29.7,32.78857,-79.96402,Specific conductance [mS/cm],,,
7/21/2015,July,Set,9,S,14:05,4.5,5.82,40.49,22,32.7,5.79,40.45,22.1,32.6,32.78866,-79.9641,Specific conductance [mS/cm],,,
7/21/2015,July,Set,9,C,14:07,20.6,4.28,41.59,23.6,30.8,5.89,40.88,22.4,32.5,32.78749,-79.96544,Specific conductance [mS/cm],,,
7/22/2015,July,Pull,9,S,13:41,5.1,5.28,40.4,22.8,31,5.6,40.42,22.7,31.1,32.78861,-79.96407,Specific conductance [mS/cm],,,
7/22/2015,July,Pull,9,C,13:50,21.5,4.63,41.25,23.6,30.2,6.01,40.25,22.6,31.1,32.7875,-79.96552,Specific conductance [mS/cm],,,
8/5/2015,August,Set,9,S,13:00,8.7,3.99,40.95,23.8,29.6,4.03,40.83,23.06,29.8,32.78881,-79.96468,Specific conductance [mS/cm],,,
8/5/2015,August,Set,9,C,13:06,23.9,4.04,41.34,24,29.5,4.38,41.12,23.56,30.1,32.7879,-79.96661,Specific conductance [mS/cm],,,
8/6/2015,August,Pull,9,C,13:53,22.6,4.1,41.31,23.9,29.9,4.81,41.04,23.6,29.9,32.78801,-79.96658,Specific conductance [mS/cm],,,
8/6/2015,August,Pull,9,S,14:01,8.03,4.03,41.07,23,29.7,4.61,40.29,23.1,30.1,32.78884,-79.9646,Specific conductance [mS/cm],,,
8/19/2015,August,Set,9,S,12:05,7.2,5.1,42.94,25.1,29.4,5.28,42.87,25,29.6,32.78867,-79.96419,Specific conductance [mS/cm],,,
8/19/2015,August,Set,9,C,12:08,22.3,4.61,42.76,25.3,28.8,5.43,42.9,25.1,29.5,32.78779,-79.96599,Specific conductance [mS/cm],,,
8/20/2015,August,Pull,9,S,11:32,7.1,5.02,45.32,24.9,29,4.94,42.26,24.8,29.2,32.78864,-79.9642,Specific conductance [mS/cm],,,
8/20/2015,August,Pull,9,C,11:38,19.2,4.7,42.79,25.2,29.1,4.96,7.38,24.8,29.1,32.78785,-79.96594,Specific conductance [mS/cm],,,
9/2/2015,September,Set,9,S,13:33,10.6,4.5,43.44,26,28.5,4.01,40.94,23.6,30,32.78861,-79.96441,Specific conductance [mS/cm],,,
9/2/2015,September,Set,9,C,13:35,21.6,4.29,42.64,25.5,28.5,4.02,41.76,24.2,28.6,32.7877,-79.96535,Specific conductance [mS/cm],,,
9/3/2015,September,Pull,9,S,14:06,10.9,4.36,42.87,25.4,28.9,4.25,40.26,23.3,30.2,32.7885,-79.96432,Specific conductance [mS/cm],,,
9/3/2015,September,Pull,9,C,14:24,20.2,4.66,43.2,25.7,28.8,4.66,40.92,23.8,29.5,32.78759,-79.96516,Specific conductance [mS/cm],,,
9/16/2015,September,Set,9,S,13:16,7.4,5.82,41.31,25.5,26.6,5.69,39.7,24.4,26.8,32.78886,-79.96436,Specific conductance [mS/cm],,,
9/16/2015,September,Set,9,C,13:19,19.3,6.03,41.19,25.5,26.6,5.96,40.17,24.7,26.7,32.78747,-79.96555,Specific conductance [mS/cm],,,
9/17/2015,September,Pull,9,S,13:02,9.4,5.71,41.79,26,26.3,5.37,39.37,24.4,26.2,32.78843,-79.9641,Specific conductance [mS/cm],,,
9/17/2015,September,Pull,9,C,13:10,21.3,5.7,42.47,26.5,26.3,5.56,39.73,24.7,26.2,32.78742,-79.96533,Specific conductance [mS/cm],,,
10/1/2015,October,Set,9,S,12:01,10.7,4.8,46,29.1,26.4,4.64,45.42,28.5,26.4,32.78869,-79.96441,Specific conductance [mS/cm],,,
10/1/2015,October,Set,9,C,12:05,22.6,4.82,46.9,29.5,26.4,4.81,45.14,28.3,26.4,32.78771,-79.96564,Specific conductance [mS/cm],,,
10/2/2015,October,Pull,9,S,12:37,11.2,5.28,42.92,27.3,25.6,5.18,41.4,26.2,25.5,32.78887,-79.96454,Specific conductance [mS/cm],,,
10/2/2015,October,Pull,9,C,12:50,22.8,5.32,43.44,27.6,25.5,5.27,42,26.7,25.5,32.78784,-79.96593,Specific conductance [mS/cm],,,
10/14/2015,October,Set,9,S,12:32,8.5,6.27,20.01,12,23.4,6.03,18.02,10.8,23.9,32.78851,-79.96455,Specific conductance [mS/cm],,,
10/14/2015,October,Set,9,C,12:36,19.3,6.5,21.54,12.8,22.8,6.31,14.87,8.6,23.6,32.78762,-79.96525,Specific conductance [mS/cm],,,
10/15/2015,October,Pull ,9,S,13:53,6.8,,,,,,,,,32.78868,-79.96445,Specific conductance [mS/cm],,,
10/15/2015,October,Pull ,9,C,14:05,18,,,,,,,,,32.78753,-79.96513,Specific conductance [mS/cm],,,
10/28/2015,October,Set,9,S,15:20,6,7.2,25.75,16.8,22.1,6.83,25.52,16.5,22.3,32.78848,-79.96455,Specific conductance [mS/cm],,,
10/28/2015,October,Set,9,C,15:25,15.1,6.24,24.59,16.3,21,6.2,23.99,15.8,21.2,32.78798,-79.96603,Specific conductance [mS/cm],,,
10/29/2015,October,Pull ,9,S,13:46,9.1,6.27,27.72,18.4,21.5,6,25.43,16.7,22.3,32.78836,-79.96436,Specific conductance [mS/cm],,,
10/29/2015,October,Pull ,9,C,13:57,17.5,6.57,28.22,18.9,21.2,6.3,26.57,17.4,22,32.78793,-79.9659,Specific conductance [mS/cm],,,
5/14/2015,May,Set,10,S,9:30,9.7,4.03,32.6,20.4,24.2,4.66,32.6,20.4,24.2,32.7795,-79.95974,Specific conductance [mS/cm],,,
5/14/2015,May,Set,10,C,10:02,16.3,4.15,33.3,20.6,24.2,4.72,32.56,20.4,24.4,32.77993,-79.95973,Specific conductance [mS/cm],,,
5/15/2015,May,Pull,10,S,15:23,12.9,4.85,36.05,22.8,24.4,4.73,35.7,22.5,24.4,,,Specific conductance [mS/cm],,,
5/15/2015,May,Pull,10,C,15:23,19.1,4.92,36.17,22.8,24.2,4.8,35.89,22.6,24.3,,,Specific conductance [mS/cm],,,
5/26/2015,May,Set,10,S,14:13,9.4,5.24,35.99,22.5,26.1,5.32,35.53,22.4,26.6,32.77977,-79.96017,Specific conductance [mS/cm],,,
5/26/2015,May,Set,10,C,14:09,24,4.82,36.4,23,25.6,5.3,35.44,22.3,26.6,32.78098,-79.96058,Specific conductance [mS/cm],,,
5/27/2015,May,Pull,10,S,14:11,9.5,4.89,35.8,22.5,26.8,5.31,35.61,22.4,26.8,,,Specific conductance [mS/cm],,,
5/27/2015,May,Pull,10,C,14:07,25,5.24,35.89,22.6,26.4,5.67,35.22,22.2,27,,,Specific conductance [mS/cm],,,
6/8/2015,June,Set,10,C,13:03,27.2,4.5,40.02,27.6,27.4,5.2,39.25,27,27.8,32.7807,-79.96048,Specific conductance [mS/cm],,,
6/8/2015,June,Set,10,S,13:08,13.2,5.5,39.93,27.5,27.4,5.1,39.4,27.1,27.5,32.77976,-79.96022,Specific conductance [mS/cm],,,
6/9/2015,June,Pull,10,C,15:05,24.2,5.6,40.46,27.9,27.6,6.1,39.45,27.1,28.1,32.78074,-79.96053,Specific conductance [mS/cm],,,
6/9/2015,June,Pull,10,S,15:14,12.2,6.2,40.03,27.6,27.7,6,39.27,27,28.2,32.77964,-79.95992,Specific conductance [mS/cm],,,
6/22/2015,June,Set,10,C,13:37,19.5,5.3,40.9,28,30.5,6.7,39.32,26.8,31.5,32.78084,-79.96117,,,,
6/22/2015,June,Set,10,S,13:41,10,5.6,40.76,27.9,30.5,6,39.83,27.1,31.6,32.77977,-79.96017,,,,
6/23/2015,June,Pull,10,C,14:36,23.8,5.3,40.13,27.5,30.5,7.4,38.75,26.4,31.1,32.78087,-79.96118,,,,
6/23/2015,June,Pull,10,S,14:47,12.3,5.7,39.56,27,30.6,7.4,38.89,26.4,31,32.77972,-79.96004,,,,
7/7/2015,July,Set ,10,C,14:30,25.1,6.24,40.51,23.5,29.5,6.24,40.41,23.5,29.6,32.78069,-79.96015,,,,
7/7/2015,July,Set ,10,S,14:35,12,5.81,40.06,24,29.2,6.07,40.41,23.4,29.6,32.77955,-79.95978,,,,
7/8/2015,July,Pull,10,C,14:12,26,5.31,41.54,24.5,29,6.54,40.41,13.3,29.4,32.78075,-79.96017,,,,
7/8/2015,July,Pull,10,S,14:21,14.8,5.5,41.54,24.4,29.1,5.76,40.34,23.2,29.8,32.7797,-79.95983,,,,
7/21/2015,July,Set,10,C,15:14,21.8,4.66,41.28,23.6,30.4,5.68,33.91,21.1,31.4,32.78043,-79.9599,,,,
7/21/2015,July,Set,10,S,15:17,11.1,5.46,41.46,23.3,31.2,5.71,41.58,23.3,31.4,32.77958,-79.95994,,,,
7/22/2015,July,Pull,10,C,14:08,22.5,4.59,42.3,24.4,30.1,6.02,40.39,22.5,31.4,32.78042,-79.96013,,,,
7/22/2015,July,Pull,10,S,14:24,10,5.55,40.59,23.1,30.5,6.63,40.44,22.6,31.5,32.77953,-79.95988,,,,
8/5/2015,August,Set,10,C,13:15,24.8,4.38,42.89,25.1,29.4,4.57,42.11,24.4,30,32.78073,-79.96015,,,,
8/5/2015,August,Set,10,S,13:18,10.4,4.52,42.73,25,29.5,4.37,41.88,24.2,30,32.77946,-79.95992,,,,
8/6/2015,August,Pull,10,C,14:09,25.1,4.75,42.86,25,29.6,4.9,41.61,24.1,29.8,32.78082,-79.96015,,,,
8/6/2015,August,Pull,10,S,14:15,10.9,4.62,42.73,24.9,29.6,4.692,41.37,23.9,29.8,32.77947,-79.95975,,,,
8/19/2015,August,Set,10,C,12:18,22.9,4.71,44.18,26.2,28.9,5.62,43.08,25.1,29.7,32.78034,-79.95995,,,,
8/19/2015,August,Set,10,S,12:21,11.2,4.69,43.18,25.5,29,5.18,43,25.1,29.6,32.77954,-79.95992,,,,
8/20/2015,August,Pull,10,C,11:57,21.8,4.7,44.86,26.7,28.9,5.38,42.21,24.8,29.2,32.78025,-79.95991,,,,
8/20/2015,August,Pull,10,S,12:05,12.9,4.8,44.05,26.1,28.9,5.04,42.43,24.9,29.2,32.77963,-79.96,,,,
9/2/2015,September,Set,10,C,13:45,23.3,4.26,44.39,26.6,28.5,4.39,41.67,24.3,29.3,32.7804,-79.96014,,,,
9/2/2015,September,Set,10,S,,,4.34,42.94,25.6,28.8,4.36,41.85,24.2,29.8,,,,,,
9/3/2015,September,Pull,10,C,14:45,21,4.55,44.15,26.3,28.8,4.72,41.13,23.9,29.6,32.78015,-79.95988,,,,
9/3/2015,September,Pull,10,S,14:43,15.2,4.62,42.45,25,29.1,4.9,41.57,23.8,30.4,32.77952,-79.95966,,,,
9/16/2015,September,Set,10,S,13:40,6.1,6.12,39.95,24.5,26.7,6.12,39.93,24.5,26.8,32.77981,-79.96041,,,,
9/16/2015,September,Set,10,C,13:37,20.9,6.06,41.14,25.4,26.6,6.13,40.18,24.8,26.6,32.78025,-79.95988,,,,
9/17/2015,September,Pull,10,S,13:24,5.6,5.51,39.62,24.7,26,5.34,39.63,24.7,26.1,32.77969,-79.96027,,,,
9/17/2015,September,Pull,10,C ,13:31,21,5.78,42.57,26.6,26.3,5.66,39.99,24.9,26.2,32.78012,-79.95856,,,,
10/1/2015,October,Set,10,S,12:18,21.4,4.94,48.8,30.9,26.4,4.88,46.89,29.6,26.4,32.78023,-79.96021,,,,
10/1/2015,October,Set,10,C,12:21,10.1,5.3,49,31,26.4,5.03,47.88,30.2,26.4,32.77956,-79.96008,,,,
10/2/2015,October,Pull,10,C,13:02,17.8,5.5,34.3,28.3,25.4,5.42,42.37,27,25.3,32.78009,-79.96024,,,,
10/2/2015,October,Pull,10,S,13:10,11.8,5.61,44.53,28.5,25.4,5.59,42.84,27.4,25.3,32.77959,-79.96009,,,,
10/14/2015,October,Set,10,C,12:50,12,4.96,18.06,10.6,23.5,5.06,17.21,10,23.5,32.79755,-79.95979,,,,
10/14/2015,October,Set,10,S,12:53,20.5,6.16,26.6,16.2,22.9,6,16.99,10.1,23.2,32.78021,-79.95978,,,,
10/15/2015,October,Pull ,10,C,14:19,20.5,6.33,28.25,17.4,23,6.08,17,9.9,23.4,32.78015,-79.9597,,,,
10/15/2015,October,Pull ,10,S,14:30,6.4,6.74,18.88,11.2,23.5,6.58,18.33,10.9,23.5,32.77935,-79.95957,,,,
10/28/2015,October,Set,10,S,15:33,9.5,6.4,24.84,16.3,21.5,6.31,24.6,16.2,21.4,32.77962,-79.95973,,,,
10/28/2015,October,Set,10,C,15:36,18.2,6.69,24.35,16.1,21.2,6.35,24.35,16.1,21.2,32.78022,-79.95982,,,,
10/29/2015,October,Pull ,10,C,14:11,20.5,6.64,26.75,17.7,21.7,6.45,26.64,17.5,21.8,32.7799,-79.95916,,,,
10/29/2015,October,Pull ,10,S,14:22,18.6,5.45,26.57,17.4,22,5.98,26.46,17.3,22,32.77951,-79.95933,,,,